compare_key,local_slug,live_slug,status,local_file,live_url,local_title,live_title,local_date,live_date,local_category,live_category,local_scripture,live_scripture,local_description,live_description,local_body_length,live_body_length,note
2022-04-02-创世记-2-18-25-婚姻与教会-在盟约中学习彼此相爱,2022-04-02-创世记-2-18-25-婚姻与教会-在盟约中学习彼此相爱,2022-04-02-创世记-2-18-25-婚姻与教会-在盟约中学习彼此相爱,same,src/content/posts/2022-04-02-创世记-2-18-25-婚姻与教会-在盟约中学习彼此相爱.md,https://ronniecross.com/posts/2022-04-02-创世记-2-18-25-婚姻与教会-在盟约中学习彼此相爱/,创世记 2:18-25｜婚姻与教会：在盟约中学习彼此相爱,创世记 2:18-25｜婚姻与教会：在盟约中学习彼此相爱,2022-04-02,2022-04-02,灵命成长,灵命成长,创世记 2:18-25,创世记 2:18-25,"20210212 婚姻和教会 过去我一直有一个疑惑。在我的周围,无论是家人,亲戚,还是朋友,同学,同事,都不乏这这样一个现象。夫妻本该是世上最亲密的两个人,却为何有很多夫妻最后会变","20210212 婚姻和教会 过去我一直有一个疑惑。在我的周围,无论是家人,亲戚,还是朋友,同学,同事,都不乏这这样一个现象。夫妻本该是世上最亲密的两个人,却为何有很多夫妻最后会变",5063,5063,
2022-04-23-路加福音-24-47-悔改-蒙赦免并回转归向神,2022-04-23-路加福音-24-47-悔改-蒙赦免并回转归向神,2022-04-23-路加福音-24-47-悔改-蒙赦免并回转归向神,same,src/content/posts/2022-04-23-路加福音-24-47-悔改-蒙赦免并回转归向神.md,https://ronniecross.com/posts/2022-04-23-路加福音-24-47-悔改-蒙赦免并回转归向神/,路加福音 24:47｜悔改：蒙赦免并回转归向神,路加福音 24:47｜悔改：蒙赦免并回转归向神,2022-04-23,2022-04-23,灵命成长,灵命成长,路加福音 24:47,路加福音 24:47,"20220423 悔改 悔改是基督徒信仰的主要内涵之一。两千年前还没有基督徒、基督教这些名称,当时的人就知道信耶稣,是信悔改赦罪的道理。所以悔改是基督信仰的重要基础。 为什么世人公","20220423 悔改 悔改是基督徒信仰的主要内涵之一。两千年前还没有基督徒、基督教这些名称,当时的人就知道信耶稣,是信悔改赦罪的道理。所以悔改是基督信仰的重要基础。 为什么世人公",4855,4855,
2022-05-20-约翰福音-3-1-15-成为新人-而不只是成为好人,2022-05-20-约翰福音-3-1-15-成为新人-而不只是成为好人,2022-05-20-约翰福音-3-1-15-成为新人-而不只是成为好人,same,src/content/posts/2022-05-20-约翰福音-3-1-15-成为新人-而不只是成为好人.md,https://ronniecross.com/posts/2022-05-20-约翰福音-3-1-15-成为新人-而不只是成为好人/,约翰福音 3:1-15｜成为新人，而不只是成为好人,约翰福音 3:1-15｜成为新人，而不只是成为好人,2022-05-20,2022-05-20,灵命成长,灵命成长,约翰福音 3:1-15,约翰福音 3:1-15,"20220520 新人而非好人 经文:约翰福音3:1-15 证道内容: 约翰福音第3章讲的是尼哥底母来见耶稣的事。 【约3:1】有一个法利赛人,名叫尼哥底母,是犹太人的官。 在原文","20220520 新人而非好人 经文:约翰福音3:1-15 证道内容: 约翰福音第3章讲的是尼哥底母来见耶稣的事。 【约3:1】有一个法利赛人,名叫尼哥底母,是犹太人的官。 在原文",5021,5021,
2022-06-28-约伯记-42-1-6-受苦的意义-从约伯的经历认识神,2022-06-28-约伯记-42-1-6-受苦的意义-从约伯的经历认识神,2022-06-28-约伯记-42-1-6-受苦的意义-从约伯的经历认识神,same,src/content/posts/2022-06-28-约伯记-42-1-6-受苦的意义-从约伯的经历认识神.md,https://ronniecross.com/posts/2022-06-28-约伯记-42-1-6-受苦的意义-从约伯的经历认识神/,约伯记 42:1-6｜受苦的意义：从约伯的经历认识神,约伯记 42:1-6｜受苦的意义：从约伯的经历认识神,2022-06-28,2022-06-28,灵命成长,灵命成长,约伯记 42:1-6,约伯记 42:1-6,"从约伯记看约伯受苦的意义 (伯四十二1~6) 受苦的意义、原因成了约伯记主要的中心思想和教训。这是我们不容易明白的一件事。也可说是人间的一个难题,往往我们讲到苦难时,总是不明白人为","从约伯记看约伯受苦的意义 (伯四十二1~6) 受苦的意义、原因成了约伯记主要的中心思想和教训。这是我们不容易明白的一件事。也可说是人间的一个难题,往往我们讲到苦难时,总是不明白人为",9491,9491,
2022-07-01-马太福音-11-28-30-重新得力的秘诀-到基督里得安息,2022-07-01-马太福音-11-28-30-重新得力的秘诀-到基督里得安息,2022-07-01-马太福音-11-28-30-重新得力的秘诀-到基督里得安息,same,src/content/posts/2022-07-01-马太福音-11-28-30-重新得力的秘诀-到基督里得安息.md,https://ronniecross.com/posts/2022-07-01-马太福音-11-28-30-重新得力的秘诀-到基督里得安息/,马太福音 11:28-30｜重新得力的秘诀：到基督里得安息,马太福音 11:28-30｜重新得力的秘诀：到基督里得安息,2022-07-01,2022-07-01,灵命成长,灵命成长,马太福音 11:28-30,马太福音 11:28-30,"重新得力的秘诀 读经:马太福音11:28-29凡劳苦担重担的人,可以到我这里来,我就使你们得安息。我心里柔和谦卑,你们当负我的轭,学我的样式,这样,你们心里就必得享安息。 藉着这段","重新得力的秘诀 读经:马太福音11:28-29凡劳苦担重担的人,可以到我这里来,我就使你们得安息。我心里柔和谦卑,你们当负我的轭,学我的样式,这样,你们心里就必得享安息。 藉着这段",6821,6821,
2022-10-01-约伯记-1-1-从约伯记看约伯受苦的意义,2022-10-01-约伯记-1-1-从约伯记看约伯受苦的意义,2022-10-01-约伯记-1-1-从约伯记看约伯受苦的意义,same,src/content/posts/2022-10-01-约伯记-1-1-从约伯记看约伯受苦的意义.md,https://ronniecross.com/posts/2022-10-01-约伯记-1-1-从约伯记看约伯受苦的意义/,约伯记 1:1｜从约伯记看约伯受苦的意义,约伯记 1:1｜从约伯记看约伯受苦的意义,2022-10-01,2022-10-01,灵命成长,灵命成长,约伯记 1:1,约伯记 1:1,"从约伯记看受苦的意义 约伯记主要的中心思想和教训是受苦的意义和原因。这是我们不容易明白的一件事。往往我们讲到苦难时,总是不明白人为什么要受苦?受苦有什么意义和价值?为什么好人要受苦","从约伯记看受苦的意义 约伯记主要的中心思想和教训是受苦的意义和原因。这是我们不容易明白的一件事。往往我们讲到苦难时,总是不明白人为什么要受苦?受苦有什么意义和价值?为什么好人要受苦",6575,6575,
2022-10-29-路加福音-6-37-论断与判断的区别,2022-10-29-路加福音-6-37-论断与判断的区别,2022-10-29-路加福音-6-37-论断与判断的区别,same,src/content/posts/2022-10-29-路加福音-6-37-论断与判断的区别.md,https://ronniecross.com/posts/2022-10-29-路加福音-6-37-论断与判断的区别/,路加福音 6:37｜论断与判断的区别,路加福音 6:37｜论断与判断的区别,2022-10-29,2022-10-29,灵命成长,灵命成长,路加福音 6:37,路加福音 6:37,"论断与判断的区别 “你们不要论断人,就不被论断;你们不要定人的罪,就不被定罪.......”(路6:37) “因为,没有好树结坏果子,也没有坏树结好果子。凡树木看果子,就可以认出它","论断与判断的区别 “你们不要论断人,就不被论断;你们不要定人的罪,就不被定罪.......”(路6:37) “因为,没有好树结坏果子,也没有坏树结好果子。凡树木看果子,就可以认出它",2508,2508,
2022-12-10-路加福音-18-11-骄傲,2022-12-10-路加福音-18-11-骄傲,2022-12-10-路加福音-18-11-骄傲,same,src/content/posts/2022-12-10-路加福音-18-11-骄傲.md,https://ronniecross.com/posts/2022-12-10-路加福音-18-11-骄傲/,路加福音 18:11｜骄傲,路加福音 18:11｜骄傲,2022-12-10,2022-12-10,灵命成长,灵命成长,路加福音 18:11,路加福音 18:11,"第十一章:骄傲 所有圣经人物中,也许最令我们反感的莫过于耶稣比喻里自义的法利赛人,他求告说:“神啊,我感谢你,我不像别人,勒索、不义、奸淫,也不像这个税吏”(路18:11)。但讽刺","第十一章:骄傲 所有圣经人物中,也许最令我们反感的莫过于耶稣比喻里自义的法利赛人,他求告说:“神啊,我感谢你,我不像别人,勒索、不义、奸淫,也不像这个税吏”(路18:11)。但讽刺",3653,3653,
2023-01-14-彼得后书-3-9-提摩太前书-2-3-4-寻求神的旨意-从得救开始明白神的带领,2023-01-14-彼得后书-3-9-提摩太前书-2-3-4-寻求神的旨意-从得救开始明白神的带领,2023-01-14-彼得后书-3-9-提摩太前书-2-3-4-寻求神的旨意-从得救开始明白神的带领,same,src/content/posts/2023-01-14-彼得后书-3-9-提摩太前书-2-3-4-寻求神的旨意-从得救开始明白神的带领.md,https://ronniecross.com/posts/2023-01-14-彼得后书-3-9-提摩太前书-2-3-4-寻求神的旨意-从得救开始明白神的带领/,彼得后书 3:9；提摩太前书 2:3-4｜寻求神的旨意：从得救开始明白神的带领,彼得后书 3:9；提摩太前书 2:3-4｜寻求神的旨意：从得救开始明白神的带领,2023-01-14,2023-01-14,灵命成长,灵命成长,彼得后书 3:9；提摩太前书 2:3-4,彼得后书 3:9；提摩太前书 2:3-4,"寻求神的旨意 得救 我们经常提出的问题之一是:基督徒怎么能明白神在他生命中的旨意呢?我们大多数人认识到,神对每个信徒都有一个计划。但是,要明白这个计划究竟将如何进行,好像不是那么容","寻求神的旨意 得救 我们经常提出的问题之一是:基督徒怎么能明白神在他生命中的旨意呢?我们大多数人认识到,神对每个信徒都有一个计划。但是,要明白这个计划究竟将如何进行,好像不是那么容",10274,10274,
2023-03-31-哥林多后书-13-5-你是否真正得救-省察信心与生命果子,2023-03-31-哥林多后书-13-5-你是否真正得救-省察信心与生命果子,2023-03-31-哥林多后书-13-5-你是否真正得救-省察信心与生命果子,same,src/content/posts/2023-03-31-哥林多后书-13-5-你是否真正得救-省察信心与生命果子.md,https://ronniecross.com/posts/2023-03-31-哥林多后书-13-5-你是否真正得救-省察信心与生命果子/,哥林多后书 13:5｜你是否真正得救：省察信心与生命果子,哥林多后书 13:5｜你是否真正得救：省察信心与生命果子,2023-03-31,2023-03-31,灵命成长,灵命成长,哥林多后书 13:5,哥林多后书 13:5,"「你们总要自己省察有信心没有,也要自己试验。岂不知你们若不是可弃绝的,就有耶稣基督在你们心里吗?」(林后13:5) 现今世代有不少人自称是基督徒,并在教会聚会多年,可是他们的生活言","「你们总要自己省察有信心没有,也要自己试验。岂不知你们若不是可弃绝的,就有耶稣基督在你们心里吗?」(林后13:5) 现今世代有不少人自称是基督徒,并在教会聚会多年,可是他们的生活言",9444,9444,
2023-05-03-马太福音-7-15-23-假信仰与假平安-从生命果子分辨真假,2023-05-03-马太福音-7-15-23-假信仰与假平安-从生命果子分辨真假,2023-05-03-马太福音-7-15-23-假信仰与假平安-从生命果子分辨真假,same,src/content/posts/2023-05-03-马太福音-7-15-23-假信仰与假平安-从生命果子分辨真假.md,https://ronniecross.com/posts/2023-05-03-马太福音-7-15-23-假信仰与假平安-从生命果子分辨真假/,马太福音 7:15-23｜假信仰与假平安：从生命果子分辨真假,马太福音 7:15-23｜假信仰与假平安：从生命果子分辨真假,2023-05-03,2023-05-03,灵命成长,灵命成长,马太福音 7:15-23,马太福音 7:15-23,本文根据马太福音 7:15-23，提醒人不要用口头认信、宗教热心或外在事奉代替真实悔改与遵行天父旨意。,本文根据马太福音 7:15-23，提醒人不要用口头认信、宗教热心或外在事奉代替真实悔改与遵行天父旨意。,3236,3236,
2023-07-09-马太福音-3-2-悔改的真义,2023-07-09-马太福音-3-2-悔改的真义,2023-07-09-马太福音-3-2-悔改的真义,same,src/content/posts/2023-07-09-马太福音-3-2-悔改的真义.md,https://ronniecross.com/posts/2023-07-09-马太福音-3-2-悔改的真义/,马太福音 3:2｜悔改的真义,马太福音 3:2｜悔改的真义,2023-07-09,2023-07-09,灵命成长,灵命成长,马太福音 3:2,马太福音 3:2,"悔改的真义 我深信悔改的重要性不容置疑,人不悔改就无法得救。信徒有重大又严肃的职责,就是要悔改归向上帝 : “天国近了,你们应当悔改。 ”(太 3:2) “所以你们当悔改归正,使你","悔改的真义 我深信悔改的重要性不容置疑,人不悔改就无法得救。信徒有重大又严肃的职责,就是要悔改归向上帝 : “天国近了,你们应当悔改。 ”(太 3:2) “所以你们当悔改归正,使你",6525,6525,
2023-08-05-创世记-18-亚伯拉罕的代祷,2023-08-05-创世记-18-亚伯拉罕的代祷,2023-08-05-创世记-18-亚伯拉罕的代祷,metadata_diff,src/content/posts/2023-08-05-创世记-18-亚伯拉罕的代祷.md,https://ronniecross.com/posts/2023-08-05-创世记-18-亚伯拉罕的代祷/,创世记 18｜亚伯拉罕的代祷,创世记 18｜亚伯拉罕的代祷,2023-08-05,2023-08-05,灵命成长,灵命成长,创世记 18,创世记 18,"亚伯拉罕的代祷 使徒彼得在他的书信中写道:\""惟有你们是被拣选的族类,是有君尊的祭司,是圣洁的国度,是属神的子民,要叫你们宣扬那召你们出黑暗入奇妙光明者的美德。\""(彼前 2:9)请特","亚伯拉罕的代祷 使徒彼得在他的书信中写道:""惟有你们是被拣选的族类,是有君尊的祭司,是圣洁的国度,是属神的子民,要叫你们宣扬那召你们出黑暗入奇妙光明者的美德。""(彼前 2:9)请特",4758,4758,Different fields: description
2023-08-27-创世记-22-2-亚伯拉罕献以撒,2023-08-27-创世记-22-2-亚伯拉罕献以撒,2023-08-27-创世记-22-2-亚伯拉罕献以撒,same,src/content/posts/2023-08-27-创世记-22-2-亚伯拉罕献以撒.md,https://ronniecross.com/posts/2023-08-27-创世记-22-2-亚伯拉罕献以撒/,创世记 22:2｜亚伯拉罕献以撒,创世记 22:2｜亚伯拉罕献以撒,2023-08-27,2023-08-27,灵命成长,灵命成长,创世记 22:2,创世记 22:2,"亚伯拉罕献以撒 经文:创世记二十二章一至十八节 亚伯拉罕是信心的祖宗,他生平最著名的事迹,就是将他的独生子以撒献给神。 将以撒献上给神,实在不是件小事。以撒不但是他的独生子,且是他","亚伯拉罕献以撒 经文:创世记二十二章一至十八节 亚伯拉罕是信心的祖宗,他生平最著名的事迹,就是将他的独生子以撒献给神。 将以撒献上给神,实在不是件小事。以撒不但是他的独生子,且是他",1887,1887,
2023-09-17-提摩太后书-3-16-17-如何明辨神的声音-以圣经作为可靠准则,2023-09-17-提摩太后书-3-16-17-如何明辨神的声音-以圣经作为可靠准则,2023-09-17-提摩太后书-3-16-17-如何明辨神的声音-以圣经作为可靠准则,same,src/content/posts/2023-09-17-提摩太后书-3-16-17-如何明辨神的声音-以圣经作为可靠准则.md,https://ronniecross.com/posts/2023-09-17-提摩太后书-3-16-17-如何明辨神的声音-以圣经作为可靠准则/,提摩太后书 3:16-17｜如何明辨神的声音：以圣经作为可靠准则,提摩太后书 3:16-17｜如何明辨神的声音：以圣经作为可靠准则,2023-09-17,2023-09-17,灵命成长,灵命成长,提摩太后书 3:16-17,提摩太后书 3:16-17,"如何明辨神的声音 神会透过多种途径向人说话,但怎样明辨那是神的声音,是每一个信徒必须知道的事情。 最重要及唯一最准确的途径是神透过圣经说话。圣经是神的话语,是神透过文字将神的心意与","如何明辨神的声音 神会透过多种途径向人说话,但怎样明辨那是神的声音,是每一个信徒必须知道的事情。 最重要及唯一最准确的途径是神透过圣经说话。圣经是神的话语,是神透过文字将神的心意与",4088,4088,
2023-10-15-约翰福音-3-3-8-重生的真义-从圣灵而生的新生命,2023-10-15-约翰福音-3-3-8-重生的真义-从圣灵而生的新生命,2023-10-15-约翰福音-3-3-8-重生的真义-从圣灵而生的新生命,same,src/content/posts/2023-10-15-约翰福音-3-3-8-重生的真义-从圣灵而生的新生命.md,https://ronniecross.com/posts/2023-10-15-约翰福音-3-3-8-重生的真义-从圣灵而生的新生命/,约翰福音 3:3-8｜重生的真义：从圣灵而生的新生命,约翰福音 3:3-8｜重生的真义：从圣灵而生的新生命,2023-10-15,2023-10-15,灵命成长,灵命成长,约翰福音 3:3-8,约翰福音 3:3-8,"重生的真义 一、 重生是什么意思? 「耶稣回答说:『我实实在在地告诉你,人若不重生,就不能见神的国。』」(约三3) 「耶稣说:『我实实在在地告诉你,人若不是从水和圣灵生的,就不能进","重生的真义 一、 重生是什么意思? 「耶稣回答说:『我实实在在地告诉你,人若不重生,就不能见神的国。』」(约三3) 「耶稣说:『我实实在在地告诉你,人若不是从水和圣灵生的,就不能进",10035,10035,
2023-11-11-哥林多后书-12-7-10-神的能力在人的软弱上显得完全,2023-11-11-哥林多后书-12-7-10-神的能力在人的软弱上显得完全,2023-11-11-哥林多后书-12-7-10-神的能力在人的软弱上显得完全,same,src/content/posts/2023-11-11-哥林多后书-12-7-10-神的能力在人的软弱上显得完全.md,https://ronniecross.com/posts/2023-11-11-哥林多后书-12-7-10-神的能力在人的软弱上显得完全/,哥林多后书 12:7-10｜神的能力在人的软弱上显得完全,哥林多后书 12:7-10｜神的能力在人的软弱上显得完全,2023-11-11,2023-11-11,灵命成长,灵命成长,哥林多后书 12:7-10,哥林多后书 12:7-10,"5 神完全的能力 读经: 「因神的愚拙总比人智慧,神的软弱总比人强壮。 弟兄们哪,可见你们蒙召的,按着肉体有智慧的不多,有能力的不多,有尊贵的也不多。神却拣选了世上愚拙的,叫有智慧","5 神完全的能力 读经: 「因神的愚拙总比人智慧,神的软弱总比人强壮。 弟兄们哪,可见你们蒙召的,按着肉体有智慧的不多,有能力的不多,有尊贵的也不多。神却拣选了世上愚拙的,叫有智慧",3797,3797,
2023-12-10-但以理书-3-1-30-烈火窑中的信心-神同在就是充分的奖赏,2023-12-10-但以理书-3-1-30-烈火窑中的信心-神同在就是充分的奖赏,2023-12-10-但以理书-3-1-30-烈火窑中的信心-神同在就是充分的奖赏,same,src/content/posts/2023-12-10-但以理书-3-1-30-烈火窑中的信心-神同在就是充分的奖赏.md,https://ronniecross.com/posts/2023-12-10-但以理书-3-1-30-烈火窑中的信心-神同在就是充分的奖赏/,但以理书 3:1-30｜烈火窑中的信心：神同在就是充分的奖赏,但以理书 3:1-30｜烈火窑中的信心：神同在就是充分的奖赏,2023-12-10,2023-12-10,灵命成长,灵命成长,但以理书 3:1-30,但以理书 3:1-30,"神充分的奖赏 「看哪,我见有四个人......那第四个的相貌好象神子。」(但三25) 读经:但三1-30 我们先简要的概括一下这个故事的背景。尼布甲尼撒王很赏识这三个希伯来人的才干","神充分的奖赏 「看哪,我见有四个人......那第四个的相貌好象神子。」(但三25) 读经:但三1-30 我们先简要的概括一下这个故事的背景。尼布甲尼撒王很赏识这三个希伯来人的才干",3504,3504,
2023-12-30-路加福音-14-25-33-作基督门徒的条件-计算跟随主的代价,2023-12-30-路加福音-14-25-33-作基督门徒的条件-计算跟随主的代价,2023-12-30-路加福音-14-25-33-作基督门徒的条件-计算跟随主的代价,same,src/content/posts/2023-12-30-路加福音-14-25-33-作基督门徒的条件-计算跟随主的代价.md,https://ronniecross.com/posts/2023-12-30-路加福音-14-25-33-作基督门徒的条件-计算跟随主的代价/,路加福音 14:25-33｜作基督门徒的条件：计算跟随主的代价,路加福音 14:25-33｜作基督门徒的条件：计算跟随主的代价,2023-12-30,2023-12-30,灵命成长,灵命成长,路加福音 14:25-33,路加福音 14:25-33,"基督门徒的条件 「到我这里来......跟从我......」(路十四26、27) 读经:路十四25-33 新约充满了如何作门徒的教训及其相关的事。在我们主的教导中,如何作门徒占了极","基督门徒的条件 「到我这里来......跟从我......」(路十四26、27) 读经:路十四25-33 新约充满了如何作门徒的教训及其相关的事。在我们主的教导中,如何作门徒占了极",3627,3627,
2024-01-20-雅各书-2-14-26-信心与行为-活的信心必结出果子,2024-01-20-雅各书-2-14-26-信心与行为-活的信心必结出果子,2024-01-20-雅各书-2-14-26-信心与行为-活的信心必结出果子,same,src/content/posts/2024-01-20-雅各书-2-14-26-信心与行为-活的信心必结出果子.md,https://ronniecross.com/posts/2024-01-20-雅各书-2-14-26-信心与行为-活的信心必结出果子/,雅各书 2:14-26｜信心与行为：活的信心必结出果子,雅各书 2:14-26｜信心与行为：活的信心必结出果子,2024-01-20,2024-01-20,灵命成长,灵命成长,雅各书 2:14-26,雅各书 2:14-26,"五、 信心与行为 “人称义是因着行为,不是单因着信。”(雅二:24) “你们得救(称义)是本乎恩,也因着信......也不是出于行为。”(弗二:8、9) 这两句经文看似矛盾,但当我","五、 信心与行为 “人称义是因着行为,不是单因着信。”(雅二:24) “你们得救(称义)是本乎恩,也因着信......也不是出于行为。”(弗二:8、9) 这两句经文看似矛盾,但当我",4239,4239,
2024-02-12-以弗所书-2-8-9-恩典-白白得来的救恩,2024-02-12-以弗所书-2-8-9-恩典-白白得来的救恩,2024-02-12-以弗所书-2-8-9-恩典-白白得来的救恩,same,src/content/posts/2024-02-12-以弗所书-2-8-9-恩典-白白得来的救恩.md,https://ronniecross.com/posts/2024-02-12-以弗所书-2-8-9-恩典-白白得来的救恩/,以弗所书 2:8-9｜恩典：白白得来的救恩,以弗所书 2:8-9｜恩典：白白得来的救恩,2024-02-12,2024-02-12,灵命成长,灵命成长,以弗所书 2:8-9,以弗所书 2:8-9,"恩典 1.恩的宗旨 恩是很美的一个名词,它表达出上神所预定处理世人的办法。恩典和福音之间有密切的关系,它使我们明白神要如何赐福於人,但其本质却摧毁了宗教上的传统。恩典推翻了人一向固","恩典 1.恩的宗旨 恩是很美的一个名词,它表达出上神所预定处理世人的办法。恩典和福音之间有密切的关系,它使我们明白神要如何赐福於人,但其本质却摧毁了宗教上的传统。恩典推翻了人一向固",7240,7240,
2024-03-16-马太福音-4-17-耶稣对天国的教训,2024-03-16-马太福音-4-17-耶稣对天国的教训,2024-03-16-马太福音-4-17-耶稣对天国的教训,same,src/content/posts/2024-03-16-马太福音-4-17-耶稣对天国的教训.md,https://ronniecross.com/posts/2024-03-16-马太福音-4-17-耶稣对天国的教训/,马太福音 4:17｜耶稣对天国的教训,马太福音 4:17｜耶稣对天国的教训,2024-03-16,2024-03-16,灵命成长,灵命成长,马太福音 4:17,马太福音 4:17,"根据福音书之记载,在耶稣的全部教训中,「上帝的国」占有一个显着的地位。符类福音一致作证,耶稣在加利利开始传道时宣称说天国近了(太4:17;可1:15;路4:43)。在路加的记载中,","根据福音书之记载,在耶稣的全部教训中,「上帝的国」占有一个显着的地位。符类福音一致作证,耶稣在加利利开始传道时宣称说天国近了(太4:17;可1:15;路4:43)。在路加的记载中,",716,716,
2024-04-13-哥林多前书-8-1-3-惟有爱心能造就人,2024-04-13-哥林多前书-8-1-3-惟有爱心能造就人,2024-04-13-哥林多前书-8-1-3-惟有爱心能造就人,same,src/content/posts/2024-04-13-哥林多前书-8-1-3-惟有爱心能造就人.md,https://ronniecross.com/posts/2024-04-13-哥林多前书-8-1-3-惟有爱心能造就人/,哥林多前书 8:1-3｜惟有爱心能造就人,哥林多前书 8:1-3｜惟有爱心能造就人,2024-04-13,2024-04-13,灵命成长,灵命成长,哥林多前书 8:1-3,哥林多前书 8:1-3,"惟有爱心能造就人 证道经文:林前 8:1-3 证道内容: 新约哥林多前书8章1-3节讲到:“论到祭偶像之物,我们晓得我们都有知识;但知识是叫人自高自大,惟有爱心能造就人。若有人以为","惟有爱心能造就人 证道经文:林前 8:1-3 证道内容: 新约哥林多前书8章1-3节讲到:“论到祭偶像之物,我们晓得我们都有知识;但知识是叫人自高自大,惟有爱心能造就人。若有人以为",3787,3787,
2024-05-24-罗马书-12-14-18-与人和睦-以祝福和善意回应冲突,2024-05-24-罗马书-12-14-18-与人和睦-以祝福和善意回应冲突,2024-05-24-罗马书-12-14-18-与人和睦-以祝福和善意回应冲突,same,src/content/posts/2024-05-24-罗马书-12-14-18-与人和睦-以祝福和善意回应冲突.md,https://ronniecross.com/posts/2024-05-24-罗马书-12-14-18-与人和睦-以祝福和善意回应冲突/,罗马书 12:14-18｜与人和睦：以祝福和善意回应冲突,罗马书 12:14-18｜与人和睦：以祝福和善意回应冲突,2024-05-24,2024-05-24,灵命成长,灵命成长,罗马书 12:14-18,罗马书 12:14-18,本文根据罗马书 12:14-18，说明基督徒在冲突和逼迫中如何以祝福回应伤害，并在真理中尽力与众人和睦。,本文根据罗马书 12:14-18，说明基督徒在冲突和逼迫中如何以祝福回应伤害，并在真理中尽力与众人和睦。,5166,5166,
2024-05-24-雅各书-1-1-4-在百般试炼中坚定信心,2024-05-24-雅各书-1-1-4-在百般试炼中坚定信心,2024-05-24-雅各书-1-1-4-在百般试炼中坚定信心,same,src/content/posts/2024-05-24-雅各书-1-1-4-在百般试炼中坚定信心.md,https://ronniecross.com/posts/2024-05-24-雅各书-1-1-4-在百般试炼中坚定信心/,雅各书 1:1-4｜在百般试炼中坚定信心,雅各书 1:1-4｜在百般试炼中坚定信心,2024-05-24,2024-05-24,灵命成长,灵命成长,雅各书 1:1-4,雅各书 1:1-4,"百般试炼更坚信 经文:雅一1~4 作神和主耶稣基督仆人的雅各,请散居各地的十二个支派之人的安。2我的弟兄们,你们落在百般试炼中,都要以为大喜乐;3因为知道你们的信心经过试验,就生忍","百般试炼更坚信 经文:雅一1~4 作神和主耶稣基督仆人的雅各,请散居各地的十二个支派之人的安。2我的弟兄们,你们落在百般试炼中,都要以为大喜乐;3因为知道你们的信心经过试验,就生忍",2827,2827,
2024-06-16-罗马书-12-19-21-以善胜恶-把伸冤的主权交给神,2024-06-16-罗马书-12-19-21-以善胜恶-把伸冤的主权交给神,2024-06-16-罗马书-12-19-21-以善胜恶-把伸冤的主权交给神,same,src/content/posts/2024-06-16-罗马书-12-19-21-以善胜恶-把伸冤的主权交给神.md,https://ronniecross.com/posts/2024-06-16-罗马书-12-19-21-以善胜恶-把伸冤的主权交给神/,罗马书 12:19-21｜以善胜恶：把伸冤的主权交给神,罗马书 12:19-21｜以善胜恶：把伸冤的主权交给神,2024-06-16,2024-06-16,灵命成长,灵命成长,罗马书 12:19-21,罗马书 12:19-21,"以善胜恶顺服神 经文:罗十二19~21 亲爱的弟兄,不要自己伸冤,宁可让步,听凭主怒(或作“让人发怒”)。因为经上记着:“主说,伸冤在我,我必报应。”20所以,“你的仇敌若饿了,就","以善胜恶顺服神 经文:罗十二19~21 亲爱的弟兄,不要自己伸冤,宁可让步,听凭主怒(或作“让人发怒”)。因为经上记着:“主说,伸冤在我,我必报应。”20所以,“你的仇敌若饿了,就",5046,5046,
2024-06-30-雅各书-1-9-18诱惑,2024-06-30-雅各书-1-9-18｜诱惑,2024-06-30-雅各书-1-9-18诱惑,same,src/content/posts/2024-06-30-雅各书-1-9-18｜诱惑.md,https://ronniecross.com/posts/2024-06-30-雅各书-1-9-18诱惑/,雅各书 1:9-18｜诱惑,雅各书 1:9-18｜诱惑,2024-06-30,2024-06-30,教会讲道,教会讲道,雅各书 1:9-18,雅各书 1:9-18,"20240630 雅各书1:9-18诱惑 大家早上好。今天, 我们将继续雅各书中的系列, 探讨“合一的生活”。我们怎样才能过一种与神和他的旨意相一致的生活呢？今","20240630 雅各书1:9-18诱惑 大家早上好。今天, 我们将继续雅各书中的系列, 探讨“合一的生活”。我们怎样才能过一种与神和他的旨意相一致的生活呢？今",3667,3667,
2024-07-07-雅各书-2-1-13经文讲解,2024-07-07-雅各书-2-1-13｜经文讲解,2024-07-07-雅各书-2-1-13经文讲解,same,src/content/posts/2024-07-07-雅各书-2-1-13｜经文讲解.md,https://ronniecross.com/posts/2024-07-07-雅各书-2-1-13经文讲解/,雅各书 2:1-13｜经文讲解,雅各书 2:1-13｜经文讲解,2024-07-07,2024-07-07,教会讲道,教会讲道,雅各书 2:1-13,雅各书 2:1-13,"James 2:1-13 Good morning church! Today we’ll be picking back up in James, and e","James 2:1-13 Good morning church! Today we’ll be picking back up in James, and e",20478,20478,
2024-07-13-罗马书-11-16-24-不可向旧枝夸口-在神的恩慈与严厉中警醒,2024-07-13-罗马书-11-16-24-不可向旧枝夸口-在神的恩慈与严厉中警醒,2024-07-13-罗马书-11-16-24-不可向旧枝夸口-在神的恩慈与严厉中警醒,same,src/content/posts/2024-07-13-罗马书-11-16-24-不可向旧枝夸口-在神的恩慈与严厉中警醒.md,https://ronniecross.com/posts/2024-07-13-罗马书-11-16-24-不可向旧枝夸口-在神的恩慈与严厉中警醒/,罗马书 11:16-24｜不可向旧枝夸口：在神的恩慈与严厉中警醒,罗马书 11:16-24｜不可向旧枝夸口：在神的恩慈与严厉中警醒,2024-07-13,2024-07-13,灵命成长,灵命成长,罗马书 11:16-24,罗马书 11:16-24,"神阻挡骄傲的人 经文:罗十一16~24 所献的新面若是圣洁,全团也就圣洁了;树根若是圣洁,树枝也就圣洁了。17若有几根枝子被折下来,你这野橄榄得接在其中,一同得着橄榄根的肥汁,18","神阻挡骄傲的人 经文:罗十一16~24 所献的新面若是圣洁,全团也就圣洁了;树根若是圣洁,树枝也就圣洁了。17若有几根枝子被折下来,你这野橄榄得接在其中,一同得着橄榄根的肥汁,18",3862,3862,
2024-07-14-雅各书-1-19-27经文讲解,2024-07-14-雅各书-1-19-27｜经文讲解,2024-07-14-雅各书-1-19-27经文讲解,same,src/content/posts/2024-07-14-雅各书-1-19-27｜经文讲解.md,https://ronniecross.com/posts/2024-07-14-雅各书-1-19-27经文讲解/,雅各书 1:19-27｜经文讲解,雅各书 1:19-27｜经文讲解,2024-07-14,2024-07-14,教会讲道,教会讲道,雅各书 1:19-27,雅各书 1:19-27,James 1:19-27 Hearing and Doing Good morning brothers and sisters! Today we cont,James 1:19-27 Hearing and Doing Good morning brothers and sisters! Today we cont,17601,17601,
2024-07-21-雅各书-2-14-26行为之信,2024-07-21-雅各书-2-14-26｜行为之信,2024-07-21-雅各书-2-14-26行为之信,same,src/content/posts/2024-07-21-雅各书-2-14-26｜行为之信.md,https://ronniecross.com/posts/2024-07-21-雅各书-2-14-26行为之信/,雅各书 2:14-26｜行为之信,雅各书 2:14-26｜行为之信,2024-07-21,2024-07-21,教会讲道,教会讲道,雅各书 2:14-26,雅各书 2:14-26,James 2:14-26 Faith that Works Good morning everyone! Well today we continue our,James 2:14-26 Faith that Works Good morning everyone! Well today we continue our,15235,15235,
2024-07-28-雅各书-3-1-12话语,2024-07-28-雅各书-3-1-12｜话语,2024-07-28-雅各书-3-1-12话语,same,src/content/posts/2024-07-28-雅各书-3-1-12｜话语.md,https://ronniecross.com/posts/2024-07-28-雅各书-3-1-12话语/,雅各书 3:1-12｜话语,雅各书 3:1-12｜话语,2024-07-28,2024-07-28,教会讲道,教会讲道,雅各书 3:1-12,雅各书 3:1-12,雅各书 3:1-12 话语 早上好，弟兄姊妹们。今天是家庭主日，我们的讲道会比平时短一些。我们正在雅各书系列中，学习如何按照我们作为基督徒的信仰生活。上周我们看,雅各书 3:1-12 话语 早上好，弟兄姊妹们。今天是家庭主日，我们的讲道会比平时短一些。我们正在雅各书系列中，学习如何按照我们作为基督徒的信仰生活。上周我们看,3270,3270,
2024-08-10-罗马书-1-11-12-承载恩典-在共同信心中彼此坚固,2024-08-10-罗马书-1-11-12-承载恩典-在共同信心中彼此坚固,2024-08-10-罗马书-1-11-12-承载恩典-在共同信心中彼此坚固,same,src/content/posts/2024-08-10-罗马书-1-11-12-承载恩典-在共同信心中彼此坚固.md,https://ronniecross.com/posts/2024-08-10-罗马书-1-11-12-承载恩典-在共同信心中彼此坚固/,罗马书 1:11-12｜承载恩典：在共同信心中彼此坚固,罗马书 1:11-12｜承载恩典：在共同信心中彼此坚固,2024-08-10,2024-08-10,灵命成长,灵命成长,罗马书 1:11-12,罗马书 1:11-12,"承载恩典 罗马书1章11-12节 因为我切切地想见你们,要把些属灵的恩赐分给你们,使你们可以坚固。12 这样我在你们中间,因你与我彼此的信心,就可以同得安慰。 保罗的第三次旅行布道","承载恩典 罗马书1章11-12节 因为我切切地想见你们,要把些属灵的恩赐分给你们,使你们可以坚固。12 这样我在你们中间,因你与我彼此的信心,就可以同得安慰。 保罗的第三次旅行布道",5043,5043,
2024-08-11-雅各书-3-13-18智慧,2024-08-11-雅各书-3-13-18｜智慧,2024-08-11-雅各书-3-13-18智慧,same,src/content/posts/2024-08-11-雅各书-3-13-18｜智慧.md,https://ronniecross.com/posts/2024-08-11-雅各书-3-13-18智慧/,雅各书 3:13-18｜智慧,雅各书 3:13-18｜智慧,2024-08-11,2024-08-11,教会讲道,教会讲道,雅各书 3:13-18,雅各书 3:13-18,20240811-中文 雅各书 3：13-18 智慧 大家早上好！我很高兴今天能和大家分享雅各书第3章的内容，主题是真智慧。在我们雅各书的系列讲道中，我们一直在,20240811-中文 雅各书 3：13-18 智慧 大家早上好！我很高兴今天能和大家分享雅各书第3章的内容，主题是真智慧。在我们雅各书的系列讲道中，我们一直在,3739,3739,
2024-08-18-雅各书-4-1-10内心的战争,2024-08-18-雅各书-4-1-10｜内心的战争,2024-08-18-雅各书-4-1-10内心的战争,same,src/content/posts/2024-08-18-雅各书-4-1-10｜内心的战争.md,https://ronniecross.com/posts/2024-08-18-雅各书-4-1-10内心的战争/,雅各书 4:1-10｜内心的战争,雅各书 4:1-10｜内心的战争,2024-08-18,2024-08-18,教会讲道,教会讲道,雅各书 4:1-10,雅各书 4:1-10,20240818-Patrick中文 雅各书4：1-10 内心的战争 大家早上好！我们继续讨论雅各书中的系列主题：对齐的生活。我们一直在讨论真正的信心是什么样子,20240818-Patrick中文 雅各书4：1-10 内心的战争 大家早上好！我们继续讨论雅各书中的系列主题：对齐的生活。我们一直在讨论真正的信心是什么样子,4454,4454,
2024-08-25-雅各书-5-7-13忍耐,2024-08-25-雅各书-5-7-13｜忍耐,2024-08-25-雅各书-5-7-13忍耐,same,src/content/posts/2024-08-25-雅各书-5-7-13｜忍耐.md,https://ronniecross.com/posts/2024-08-25-雅各书-5-7-13忍耐/,雅各书 5:7-13｜忍耐,雅各书 5:7-13｜忍耐,2024-08-25,2024-08-25,教会讲道,教会讲道,雅各书 5:7-13,雅各书 5:7-13,20240825-Patrick中文 雅各书 5：7-13 忍耐 大家早上好！我们即将接近这个夏天雅各书系列的尾声。下周将是最后一篇信息。我们一直在学习，一个活,20240825-Patrick中文 雅各书 5：7-13 忍耐 大家早上好！我们即将接近这个夏天雅各书系列的尾声。下周将是最后一篇信息。我们一直在学习，一个活,4036,4036,
2024-09-01-雅各书-5-13-20祷告,2024-09-01-雅各书-5-13-20｜祷告,2024-09-01-雅各书-5-13-20祷告,same,src/content/posts/2024-09-01-雅各书-5-13-20｜祷告.md,https://ronniecross.com/posts/2024-09-01-雅各书-5-13-20祷告/,雅各书 5:13-20｜祷告,雅各书 5:13-20｜祷告,2024-09-01,2024-09-01,教会讲道,教会讲道,雅各书 5:13-20,雅各书 5:13-20,20240901-Patrick中文 雅各书5：13-20 祷告 大家早上好！今天是我们雅各书系列讲道的最后一篇。在前面的讲道中，我们谈到了如何将我们的行为与神,20240901-Patrick中文 雅各书5：13-20 祷告 大家早上好！今天是我们雅各书系列讲道的最后一篇。在前面的讲道中，我们谈到了如何将我们的行为与神,4887,4887,
2024-09-08-马太福音-16-13-18在耶稣里的身份,2024-09-08-马太福音-16-13-18｜在耶稣里的身份,2024-09-08-马太福音-16-13-18在耶稣里的身份,same,src/content/posts/2024-09-08-马太福音-16-13-18｜在耶稣里的身份.md,https://ronniecross.com/posts/2024-09-08-马太福音-16-13-18在耶稣里的身份/,马太福音 16:13-18｜在耶稣里的身份,马太福音 16:13-18｜在耶稣里的身份,2024-09-08,2024-09-08,教会讲道,教会讲道,马太福音 16:13-18,马太福音 16:13-18,20240908-Patrick中文 马太福音16：13-18 在耶稣里的身份 大家早上好！我们正在进行一个为期两部分的系列，主题是“寻找耶稣”。耶稣并没有丢！,20240908-Patrick中文 马太福音16：13-18 在耶稣里的身份 大家早上好！我们正在进行一个为期两部分的系列，主题是“寻找耶稣”。耶稣并没有丢！,4772,4772,
2024-09-15-约翰福音-3-16在耶稣里的价值,2024-09-15-约翰福音-3-16｜在耶稣里的价值,2024-09-15-约翰福音-3-16在耶稣里的价值,same,src/content/posts/2024-09-15-约翰福音-3-16｜在耶稣里的价值.md,https://ronniecross.com/posts/2024-09-15-约翰福音-3-16在耶稣里的价值/,约翰福音 3:16｜在耶稣里的价值,约翰福音 3:16｜在耶稣里的价值,2024-09-15,2024-09-15,教会讲道,教会讲道,约翰福音 3:16,约翰福音 3:16,20240915-Patrick中文 约翰福音 3:16 在耶稣里的价值 我们正在进行一个关于“寻找耶稣”的两部分系列。在这个系列中，我们讨论通过认识耶稣来发现,20240915-Patrick中文 约翰福音 3:16 在耶稣里的价值 我们正在进行一个关于“寻找耶稣”的两部分系列。在这个系列中，我们讨论通过认识耶稣来发现,4493,4493,
2024-09-15-罗马书-1-1-耶稣基督的仆人,2024-09-15-罗马书-1-1-耶稣基督的仆人,2024-09-15-罗马书-1-1-耶稣基督的仆人,same,src/content/posts/2024-09-15-罗马书-1-1-耶稣基督的仆人.md,https://ronniecross.com/posts/2024-09-15-罗马书-1-1-耶稣基督的仆人/,罗马书 1:1｜耶稣基督的仆人,罗马书 1:1｜耶稣基督的仆人,2024-09-15,2024-09-15,灵命成长,灵命成长,罗马书 1:1,罗马书 1:1,"耶稣基督的仆人 罗马书1章1-7节 这段经文是罗马书最基本的格式。但是在这个很简单的书信格式中,我们看到,保罗用很简单的一句话,讲出了他自己与基督的关系。虽然他没有用很多详细的字句","耶稣基督的仆人 罗马书1章1-7节 这段经文是罗马书最基本的格式。但是在这个很简单的书信格式中,我们看到,保罗用很简单的一句话,讲出了他自己与基督的关系。虽然他没有用很多详细的字句",6771,6771,
2024-10-12-罗马书-13-8-10-爱成全律法,2024-10-12-罗马书-13-8-10-爱成全律法,2024-10-12-罗马书-13-8-10-爱成全律法,same,src/content/posts/2024-10-12-罗马书-13-8-10-爱成全律法.md,https://ronniecross.com/posts/2024-10-12-罗马书-13-8-10-爱成全律法/,罗马书 13:8-10｜爱成全律法,罗马书 13:8-10｜爱成全律法,2024-10-12,2024-10-12,灵命成长,灵命成长,罗马书 13:8-10,罗马书 13:8-10,"爱成全律法 经文:罗 13:8-10 《罗马书》第13章8-10节的经文,虽然很短,只有三节,但却是《罗马书》中一处非常重要的经文。某种意义上甚至可以说它是《罗马书》的 纽带和灵魂","爱成全律法 经文:罗 13:8-10 《罗马书》第13章8-10节的经文,虽然很短,只有三节,但却是《罗马书》中一处非常重要的经文。某种意义上甚至可以说它是《罗马书》的 纽带和灵魂",4306,4306,
2024-10-13-使徒行传-1-1-8被圣灵感动,2024-10-13-使徒行传-1-1-8｜被圣灵感动,2024-10-13-使徒行传-1-1-8被圣灵感动,same,src/content/posts/2024-10-13-使徒行传-1-1-8｜被圣灵感动.md,https://ronniecross.com/posts/2024-10-13-使徒行传-1-1-8被圣灵感动/,使徒行传 1:1-8｜被圣灵感动,使徒行传 1:1-8｜被圣灵感动,2024-10-13,2024-10-13,教会讲道,教会讲道,使徒行传 1:1-8,使徒行传 1:1-8,20241013-Patrick中文 使徒行传 1：1-8 被圣灵感动 大家早上好！我很高兴终于可以开始我们关于《使徒行传》的新系列了。《使徒行传》讲述了早期教,20241013-Patrick中文 使徒行传 1：1-8 被圣灵感动 大家早上好！我很高兴终于可以开始我们关于《使徒行传》的新系列了。《使徒行传》讲述了早期教,4470,4470,
2024-10-20-使徒行传-2-1-13圣灵的浇灌,2024-10-20-使徒行传-2-1-13｜圣灵的浇灌,2024-10-20-使徒行传-2-1-13圣灵的浇灌,same,src/content/posts/2024-10-20-使徒行传-2-1-13｜圣灵的浇灌.md,https://ronniecross.com/posts/2024-10-20-使徒行传-2-1-13圣灵的浇灌/,使徒行传 2:1-13｜圣灵的浇灌,使徒行传 2:1-13｜圣灵的浇灌,2024-10-20,2024-10-20,教会讲道,教会讲道,使徒行传 2:1-13,使徒行传 2:1-13,20241929-Patrick中文 使徒行传 2：1-13 圣灵的浇灌 我们正在进行一系列关于使徒行传的讲道，题为《被圣灵感动》。上周我分享说，使徒行传就是我,20241929-Patrick中文 使徒行传 2：1-13 圣灵的浇灌 我们正在进行一系列关于使徒行传的讲道，题为《被圣灵感动》。上周我分享说，使徒行传就是我,4636,4636,
2024-10-27-使徒行传-2-40-47圣灵的团契,2024-10-27-使徒行传-2-40-47｜圣灵的团契,2024-10-27-使徒行传-2-40-47圣灵的团契,same,src/content/posts/2024-10-27-使徒行传-2-40-47｜圣灵的团契.md,https://ronniecross.com/posts/2024-10-27-使徒行传-2-40-47圣灵的团契/,使徒行传 2:40-47｜圣灵的团契,使徒行传 2:40-47｜圣灵的团契,2024-10-27,2024-10-27,教会讲道,教会讲道,使徒行传 2:40-47,使徒行传 2:40-47,20241027-中文 使徒行传 2：40-47 圣灵的团契 大家早上好！我们将继续学习使徒行传的系列，“被圣灵感动”，并看看圣经中对真实社区最鼓舞人心的场景之,20241027-中文 使徒行传 2：40-47 圣灵的团契 大家早上好！我们将继续学习使徒行传的系列，“被圣灵感动”，并看看圣经中对真实社区最鼓舞人心的场景之,3436,3436,
2024-11-03-使徒行传-3-1-26被圣灵恢复,2024-11-03-使徒行传-3-1-26｜被圣灵恢复,2024-11-03-使徒行传-3-1-26被圣灵恢复,same,src/content/posts/2024-11-03-使徒行传-3-1-26｜被圣灵恢复.md,https://ronniecross.com/posts/2024-11-03-使徒行传-3-1-26被圣灵恢复/,使徒行传 3:1-26｜被圣灵恢复,使徒行传 3:1-26｜被圣灵恢复,2024-11-03,2024-11-03,教会讲道,教会讲道,使徒行传 3:1-26,使徒行传 3:1-26,20241103-中文 使徒行传 3：1-26 被圣灵恢复 早上好，大家！很高兴继续我们关于《使徒行传》的系列讲道。我们正在探讨早期教会的故事，圣灵的力量向我们,20241103-中文 使徒行传 3：1-26 被圣灵恢复 早上好，大家！很高兴继续我们关于《使徒行传》的系列讲道。我们正在探讨早期教会的故事，圣灵的力量向我们,4201,4201,
2024-11-09-罗马书-3-9-20-人的罪恶,2024-11-09-罗马书-3-9-20-人的罪恶,2024-11-09-罗马书-3-9-20-人的罪恶,same,src/content/posts/2024-11-09-罗马书-3-9-20-人的罪恶.md,https://ronniecross.com/posts/2024-11-09-罗马书-3-9-20-人的罪恶/,罗马书 3:9-20｜人的罪恶,罗马书 3:9-20｜人的罪恶,2024-11-09,2024-11-09,灵命成长,灵命成长,罗马书 3:9-20,罗马书 3:9-20,"人的罪恶 经文:罗3:9-20 保罗在这里论述“人的罪恶”的种种表现,要是把这处经文上、下文联系到一起,我们知道在第2章时,保罗提出一个观点:要做真犹太人,做真以色列人、受真 割礼","人的罪恶 经文:罗3:9-20 保罗在这里论述“人的罪恶”的种种表现,要是把这处经文上、下文联系到一起,我们知道在第2章时,保罗提出一个观点:要做真犹太人,做真以色列人、受真 割礼",5283,5283,
2024-11-10-使徒行传-4-1-31圣灵中的勇敢,2024-11-10-使徒行传-4-1-31｜圣灵中的勇敢,2024-11-10-使徒行传-4-1-31圣灵中的勇敢,same,src/content/posts/2024-11-10-使徒行传-4-1-31｜圣灵中的勇敢.md,https://ronniecross.com/posts/2024-11-10-使徒行传-4-1-31圣灵中的勇敢/,使徒行传 4:1-31｜圣灵中的勇敢,使徒行传 4:1-31｜圣灵中的勇敢,2024-11-10,2024-11-10,教会讲道,教会讲道,使徒行传 4:1-31,使徒行传 4:1-31,20241110-中文 使徒行传 4：1-31 圣灵中的勇敢 早上好，大家好！在十字会中，我们相信传统的基督教新教观念，即圣经是上帝启示的话语。所以每周我们都会,20241110-中文 使徒行传 4：1-31 圣灵中的勇敢 早上好，大家好！在十字会中，我们相信传统的基督教新教观念，即圣经是上帝启示的话语。所以每周我们都会,4589,4589,
2024-11-17-使徒行传-4-32-37经文讲解,2024-11-17-使徒行传-4-32-37｜经文讲解,2024-11-17-使徒行传-4-32-37经文讲解,same,src/content/posts/2024-11-17-使徒行传-4-32-37｜经文讲解.md,https://ronniecross.com/posts/2024-11-17-使徒行传-4-32-37经文讲解/,使徒行传 4:32-37｜经文讲解,使徒行传 4:32-37｜经文讲解,2024-11-17,2024-11-17,教会讲道,教会讲道,使徒行传 4:32-37,使徒行传 4:32-37,20241117-Grayson中文 早上好，教会的弟兄姐妹们！很高兴像往常一样今天早上能和大家在一起，也很谦卑能和你们一起学习神的话语。 我们将继续研读《使徒,20241117-Grayson中文 早上好，教会的弟兄姐妹们！很高兴像往常一样今天早上能和大家在一起，也很谦卑能和你们一起学习神的话语。 我们将继续研读《使徒,4421,4421,
2024-11-24-提多书-1-4-9长老职分,2024-11-24-提多书-1-4-9｜长老职分,2024-11-24-提多书-1-4-9长老职分,same,src/content/posts/2024-11-24-提多书-1-4-9｜长老职分.md,https://ronniecross.com/posts/2024-11-24-提多书-1-4-9长老职分/,提多书 1:4-9｜长老职分,提多书 1:4-9｜长老职分,2024-11-24,2024-11-24,教会讲道,教会讲道,提多书 1:4-9,提多书 1:4-9,20241124-中文 提多书 1：4-9 长老职分 早上好！今天我们暂停《使徒行传》的系列讲道，改为一次性的主题讲道——探讨教会的长老职分。下周，我们将开始圣,20241124-中文 提多书 1：4-9 长老职分 早上好！今天我们暂停《使徒行传》的系列讲道，改为一次性的主题讲道——探讨教会的长老职分。下周，我们将开始圣,3437,3437,
2024-12-01-约翰福音-1-1-5耶稣是道,2024-12-01-约翰福音-1-1-5｜耶稣是道,2024-12-01-约翰福音-1-1-5耶稣是道,same,src/content/posts/2024-12-01-约翰福音-1-1-5｜耶稣是道.md,https://ronniecross.com/posts/2024-12-01-约翰福音-1-1-5耶稣是道/,约翰福音 1:1-5｜耶稣是道,约翰福音 1:1-5｜耶稣是道,2024-12-01,2024-12-01,教会讲道,教会讲道,约翰福音 1:1-5,约翰福音 1:1-5,20241201-中文 约翰福音1：1-5 耶稣是道 早上好，大家！我非常兴奋，因为今天我们开始一个为期四周的圣诞系列！圣诞节这个词来源于英文“Christ m,20241201-中文 约翰福音1：1-5 耶稣是道 早上好，大家！我非常兴奋，因为今天我们开始一个为期四周的圣诞系列！圣诞节这个词来源于英文“Christ m,3931,3931,
2024-12-07-罗马书-14-7-8-为主而活-无论生死都是属主的人,2024-12-07-罗马书-14-7-8-为主而活-无论生死都是属主的人,2024-12-07-罗马书-14-7-8-为主而活-无论生死都是属主的人,same,src/content/posts/2024-12-07-罗马书-14-7-8-为主而活-无论生死都是属主的人.md,https://ronniecross.com/posts/2024-12-07-罗马书-14-7-8-为主而活-无论生死都是属主的人/,罗马书 14:7-8｜为主而活：无论生死都是属主的人,罗马书 14:7-8｜为主而活：无论生死都是属主的人,2024-12-07,2024-12-07,灵命成长,灵命成长,罗马书 14:7-8,罗马书 14:7-8,"为主而活 罗十四7,8 「我们没有一个人为自己活,也没有一个人为自己死,我们若活着,是为主而活;若死了,是为主而死。所以,我们或活或死,总是主的人。」(罗十四7,8 ) 人一信主,","为主而活 罗十四7,8 「我们没有一个人为自己活,也没有一个人为自己死,我们若活着,是为主而活;若死了,是为主而死。所以,我们或活或死,总是主的人。」(罗十四7,8 ) 人一信主,",5428,5428,
2024-12-08-约翰福音-1-4-13耶稣是光,2024-12-08-约翰福音-1-4-13｜耶稣是光,2024-12-08-约翰福音-1-4-13耶稣是光,same,src/content/posts/2024-12-08-约翰福音-1-4-13｜耶稣是光.md,https://ronniecross.com/posts/2024-12-08-约翰福音-1-4-13耶稣是光/,约翰福音 1:4-13｜耶稣是光,约翰福音 1:4-13｜耶稣是光,2024-12-08,2024-12-08,教会讲道,教会讲道,约翰福音 1:4-13,约翰福音 1:4-13,20241208-中文 约翰福音1：4-13 耶稣是光 大家早上好，今天我们继续约翰福音1章的圣诞系列——“世界的光”。我们要谈的是，圣诞节是神通过降世为人——,20241208-中文 约翰福音1：4-13 耶稣是光 大家早上好，今天我们继续约翰福音1章的圣诞系列——“世界的光”。我们要谈的是，圣诞节是神通过降世为人——,4017,4017,
2024-12-14-彼得前书-1-18-2-3-从重生走向成长-渴慕纯净的灵奶,2024-12-14-彼得前书-1-18-2-3-从重生走向成长-渴慕纯净的灵奶,2024-12-14-彼得前书-1-18-2-3-从重生走向成长-渴慕纯净的灵奶,same,src/content/posts/2024-12-14-彼得前书-1-18-2-3-从重生走向成长-渴慕纯净的灵奶.md,https://ronniecross.com/posts/2024-12-14-彼得前书-1-18-2-3-从重生走向成长-渴慕纯净的灵奶/,彼得前书 1:18-2:3｜从重生走向成长：渴慕纯净的灵奶,彼得前书 1:18-2:3｜从重生走向成长：渴慕纯净的灵奶,2024-12-14,2024-12-14,灵命成长,灵命成长,彼得前书 1:18-2:3,彼得前书 1:18-2:3,"《生命的福音》講義 重生的生命系列 從重生而增長 彼得前書 1章 18到第 2章 3節說: [18]知道你們得贖,脫去你們祖宗所傳流虛妄的行為,不是憑著能壞的金銀 等物, [19]","《生命的福音》講義 重生的生命系列 從重生而增長 彼得前書 1章 18到第 2章 3節說: [18]知道你們得贖,脫去你們祖宗所傳流虛妄的行為,不是憑著能壞的金銀 等物, [19]",9050,9050,
2024-12-15-约翰福音-1-14-18耶稣的荣耀,2024-12-15-约翰福音-1-14-18｜耶稣的荣耀,2024-12-15-约翰福音-1-14-18耶稣的荣耀,same,src/content/posts/2024-12-15-约翰福音-1-14-18｜耶稣的荣耀.md,https://ronniecross.com/posts/2024-12-15-约翰福音-1-14-18耶稣的荣耀/,约翰福音 1:14-18｜耶稣的荣耀,约翰福音 1:14-18｜耶稣的荣耀,2024-12-15,2024-12-15,教会讲道,教会讲道,约翰福音 1:14-18,约翰福音 1:14-18,20241215-中文 约翰福音1：14-18 耶稣的荣耀 早上好，大家！很高兴今天能继续分享我们圣诞系列中的约翰福音第一章。约翰福音第一章确实是圣经中最令人惊,20241215-中文 约翰福音1：14-18 耶稣的荣耀 早上好，大家！很高兴今天能继续分享我们圣诞系列中的约翰福音第一章。约翰福音第一章确实是圣经中最令人惊,4593,4593,
2024-12-22-马太福音-1-18-25耶稣-救主,2024-12-22-马太福音-1-18-25｜耶稣-救主,2024-12-22-马太福音-1-18-25耶稣-救主,same,src/content/posts/2024-12-22-马太福音-1-18-25｜耶稣-救主.md,https://ronniecross.com/posts/2024-12-22-马太福音-1-18-25耶稣-救主/,马太福音 1:18-25｜耶稣--救主,马太福音 1:18-25｜耶稣--救主,2024-12-22,2024-12-22,教会讲道,教会讲道,马太福音 1:18-25,马太福音 1:18-25,20241222-中文 马太福音 1：18-25 耶稣——救主 各位早上好，祝大家圣诞快乐！ 今天的圣诞崇拜中，我们刚刚欣赏了一个木偶剧，讲述了耶稣降生的故事。,20241222-中文 马太福音 1：18-25 耶稣——救主 各位早上好，祝大家圣诞快乐！ 今天的圣诞崇拜中，我们刚刚欣赏了一个木偶剧，讲述了耶稣降生的故事。,2998,2998,
2025-01-04-希伯来书-11-27-以神为乐,2025-01-04-希伯来书-11-27-以神为乐,2025-01-04-希伯来书-11-27-以神为乐,same,src/content/posts/2025-01-04-希伯来书-11-27-以神为乐.md,https://ronniecross.com/posts/2025-01-04-希伯来书-11-27-以神为乐/,希伯来书 11:27｜以神为乐,希伯来书 11:27｜以神为乐,2025-01-04,2025-01-04,灵命成长,灵命成长,希伯来书 11:27,希伯来书 11:27,"以神为乐 罗5:1-10 世上的喜乐有两种,一种是流星式的喜乐,一种是行星式的喜乐。一般人的喜乐多属流星式的喜乐,很灿烂、美丽,可是很短暂,就像天际擦划即逝的流星一般。基督徒的喜乐","以神为乐 罗5:1-10 世上的喜乐有两种,一种是流星式的喜乐,一种是行星式的喜乐。一般人的喜乐多属流星式的喜乐,很灿烂、美丽,可是很短暂,就像天际擦划即逝的流星一般。基督徒的喜乐",4074,4074,
2025-01-05-使徒行传-5-12-42借着圣灵传讲神的话,2025-01-05-使徒行传-5-12-42｜借着圣灵传讲神的话,2025-01-05-使徒行传-5-12-42借着圣灵传讲神的话,same,src/content/posts/2025-01-05-使徒行传-5-12-42｜借着圣灵传讲神的话.md,https://ronniecross.com/posts/2025-01-05-使徒行传-5-12-42借着圣灵传讲神的话/,使徒行传 5:12-42｜借着圣灵传讲神的话,使徒行传 5:12-42｜借着圣灵传讲神的话,2025-01-05,2025-01-05,教会讲道,教会讲道,使徒行传 5:12-42,使徒行传 5:12-42,20250105-中文 使徒行传5：12-42借着圣灵传讲神的话 大家早上好！今天我们继续讲《使徒行传》系列主题“被圣灵感动”。 我们一直在讨论，这卷书主要讲述,20250105-中文 使徒行传5：12-42借着圣灵传讲神的话 大家早上好！今天我们继续讲《使徒行传》系列主题“被圣灵感动”。 我们一直在讨论，这卷书主要讲述,4223,4223,
2025-01-12-使徒行传-6-1-7圣灵带来的合一,2025-01-12-使徒行传-6-1-7｜圣灵带来的合一,2025-01-12-使徒行传-6-1-7圣灵带来的合一,same,src/content/posts/2025-01-12-使徒行传-6-1-7｜圣灵带来的合一.md,https://ronniecross.com/posts/2025-01-12-使徒行传-6-1-7圣灵带来的合一/,使徒行传 6:1-7｜圣灵带来的合一,使徒行传 6:1-7｜圣灵带来的合一,2025-01-12,2025-01-12,教会讲道,教会讲道,使徒行传 6:1-7,使徒行传 6:1-7,20259112-中文 使徒行传6：1-7 圣灵带来的合一 大家早上好！今天我们继续《使徒行传》系列讲道——《被圣灵感动》。我们要讨论的是神的计划是通过祂的子民,20259112-中文 使徒行传6：1-7 圣灵带来的合一 大家早上好！今天我们继续《使徒行传》系列讲道——《被圣灵感动》。我们要讨论的是神的计划是通过祂的子民,3889,3889,
2025-01-19-使徒行传-6-7抗拒圣灵,2025-01-19-使徒行传-6-7｜抗拒圣灵,2025-01-19-使徒行传-6-7抗拒圣灵,same,src/content/posts/2025-01-19-使徒行传-6-7｜抗拒圣灵.md,https://ronniecross.com/posts/2025-01-19-使徒行传-6-7抗拒圣灵/,使徒行传 6-7｜抗拒圣灵,使徒行传 6-7｜抗拒圣灵,2025-01-19,2025-01-19,教会讲道,教会讲道,使徒行传 6-7,使徒行传 6-7,20250119-中文 使徒行传第6-7章：抗拒圣灵 大家早上好！我非常享受我们正在进行的《使徒行传》的学习，今天我们将讨论第6-7章，重点关注教会历史上第一位,20250119-中文 使徒行传第6-7章：抗拒圣灵 大家早上好！我非常享受我们正在进行的《使徒行传》的学习，今天我们将讨论第6-7章，重点关注教会历史上第一位,4185,4185,
2025-01-26-约书亚记-1-5kaz的见证,2025-01-26-约书亚记-1-5｜kaz的见证,2025-01-26-约书亚记-1-5kaz的见证,same,src/content/posts/2025-01-26-约书亚记-1-5｜kaz的见证.md,https://ronniecross.com/posts/2025-01-26-约书亚记-1-5kaz的见证/,约书亚记 1:5｜Kaz的见证,约书亚记 1:5｜Kaz的见证,2025-01-26,2025-01-26,教会讲道,教会讲道,约书亚记 1:5,约书亚记 1:5,20250126-中文 Kaz的见证 大家早上好！我是加藤Kaz，今年54岁，是一位老男人。现在的我连前天晚餐吃了什么都记不住了。我是一名职业钢琴师。1994年,20250126-中文 Kaz的见证 大家早上好！我是加藤Kaz，今年54岁，是一位老男人。现在的我连前天晚餐吃了什么都记不住了。我是一名职业钢琴师。1994年,3543,3543,
2025-02-02-使徒行传-8-25-40圣灵引导的事工,2025-02-02-使徒行传-8-25-40｜圣灵引导的事工,2025-02-02-使徒行传-8-25-40圣灵引导的事工,same,src/content/posts/2025-02-02-使徒行传-8-25-40｜圣灵引导的事工.md,https://ronniecross.com/posts/2025-02-02-使徒行传-8-25-40圣灵引导的事工/,使徒行传 8:25-40｜圣灵引导的事工,使徒行传 8:25-40｜圣灵引导的事工,2025-02-02,2025-02-02,教会讲道,教会讲道,使徒行传 8:25-40,使徒行传 8:25-40,20250202-中文 使徒行传 8：25-40 圣灵引导的事工 大家早上好！今天我们继续讲解《使徒行传》系列——“被圣灵感动”。 上次我们讲到了司提反的生平，,20250202-中文 使徒行传 8：25-40 圣灵引导的事工 大家早上好！今天我们继续讲解《使徒行传》系列——“被圣灵感动”。 上次我们讲到了司提反的生平，,4798,4798,
2025-02-08-罗马书-8-1-17-活出生命色彩的秘诀,2025-02-08-罗马书-8-1-17-活出生命色彩的秘诀,2025-02-08-罗马书-8-1-17-活出生命色彩的秘诀,same,src/content/posts/2025-02-08-罗马书-8-1-17-活出生命色彩的秘诀.md,https://ronniecross.com/posts/2025-02-08-罗马书-8-1-17-活出生命色彩的秘诀/,罗马书 8:1-17｜活出生命色彩的秘诀,罗马书 8:1-17｜活出生命色彩的秘诀,2025-02-08,2025-02-08,灵命成长,灵命成长,罗马书 8:1-17,罗马书 8:1-17,"活出生命色彩的秘诀 罗8:1-17 曾在电视上看到这么一则报导:一对老夫妻住在一间破旧的房子里,屋外摆了很多他们从垃圾堆里拣来的东西,事实上这对老夫妻有三、四栋房子,是百万富翁,但","活出生命色彩的秘诀 罗8:1-17 曾在电视上看到这么一则报导:一对老夫妻住在一间破旧的房子里,屋外摆了很多他们从垃圾堆里拣来的东西,事实上这对老夫妻有三、四栋房子,是百万富翁,但",4053,4053,
2025-02-09-使徒行传-9-1-11-17-19圣灵的改变,2025-02-09-使徒行传-9-1-11-17-19｜圣灵的改变,2025-02-09-使徒行传-9-1-11-17-19圣灵的改变,same,src/content/posts/2025-02-09-使徒行传-9-1-11-17-19｜圣灵的改变.md,https://ronniecross.com/posts/2025-02-09-使徒行传-9-1-11-17-19圣灵的改变/,使徒行传 9:1-11;17-19｜圣灵的改变,使徒行传 9:1-11;17-19｜圣灵的改变,2025-02-09,2025-02-09,教会讲道,教会讲道,使徒行传 9:1-11;17-19,使徒行传 9:1-11;17-19,20250209-中文 使徒行传 9：1-11;17-19 圣灵的改变 大家早上好，今天我们继续研读使徒行传，探讨圣灵如何建立祂的教会。上周，我们从埃塞俄比亚太,20250209-中文 使徒行传 9：1-11;17-19 圣灵的改变 大家早上好，今天我们继续研读使徒行传，探讨圣灵如何建立祂的教会。上周，我们从埃塞俄比亚太,4616,4616,
2025-02-16-使徒行传-10-25-44圣灵的纳入,2025-02-16-使徒行传-10-25-44｜圣灵的纳入,2025-02-16-使徒行传-10-25-44圣灵的纳入,same,src/content/posts/2025-02-16-使徒行传-10-25-44｜圣灵的纳入.md,https://ronniecross.com/posts/2025-02-16-使徒行传-10-25-44圣灵的纳入/,使徒行传 10:25-44｜圣灵的纳入,使徒行传 10:25-44｜圣灵的纳入,2025-02-16,2025-02-16,教会讲道,教会讲道,使徒行传 10:25-44,使徒行传 10:25-44,20250216-中文 使徒行传 10：25-44 圣灵的纳入 大家早上好！很高兴能继续讲解《使徒行传》的系列信息，主题是 “被圣灵感动”。你们可能会好奇，为什,20250216-中文 使徒行传 10：25-44 圣灵的纳入 大家早上好！很高兴能继续讲解《使徒行传》的系列信息，主题是 “被圣灵感动”。你们可能会好奇，为什,4416,4416,
2025-02-23-提多书-2-11-15转变生命的恩典,2025-02-23-提多书-2-11-15｜转变生命的恩典,2025-02-23-提多书-2-11-15转变生命的恩典,same,src/content/posts/2025-02-23-提多书-2-11-15｜转变生命的恩典.md,https://ronniecross.com/posts/2025-02-23-提多书-2-11-15转变生命的恩典/,提多书 2:11-15｜转变生命的恩典,提多书 2:11-15｜转变生命的恩典,2025-02-23,2025-02-23,教会讲道,教会讲道,提多书 2:11-15,提多书 2:11-15,20250223-中文 提多书 2：11-15 转变生命的恩典 我们一直在查考《使徒行传》系列，而其中一个反复出现的主题就是神的恩典。今天，我们要深入探讨这个主,20250223-中文 提多书 2：11-15 转变生命的恩典 我们一直在查考《使徒行传》系列，而其中一个反复出现的主题就是神的恩典。今天，我们要深入探讨这个主,3876,3876,
2025-03-02-使徒行传-11-19-30圣灵的鼓励,2025-03-02-使徒行传-11-19-30｜圣灵的鼓励,2025-03-02-使徒行传-11-19-30圣灵的鼓励,same,src/content/posts/2025-03-02-使徒行传-11-19-30｜圣灵的鼓励.md,https://ronniecross.com/posts/2025-03-02-使徒行传-11-19-30圣灵的鼓励/,使徒行传 11:19-30｜圣灵的鼓励,使徒行传 11:19-30｜圣灵的鼓励,2025-03-02,2025-03-02,教会讲道,教会讲道,使徒行传 11:19-30,使徒行传 11:19-30,20250302-中文 使徒行传 11：19-30 圣灵的鼓励 大家早上好。今天，我们继续学习《使徒行传》中关于早期教会的系列经文。我们不断看到一个主题：上帝的,20250302-中文 使徒行传 11：19-30 圣灵的鼓励 大家早上好。今天，我们继续学习《使徒行传》中关于早期教会的系列经文。我们不断看到一个主题：上帝的,4426,4426,
2025-03-08-罗马书-12-1-2-献为活祭,2025-03-08-罗马书-12-1-2-献为活祭,2025-03-08-罗马书-12-1-2-献为活祭,same,src/content/posts/2025-03-08-罗马书-12-1-2-献为活祭.md,https://ronniecross.com/posts/2025-03-08-罗马书-12-1-2-献为活祭/,罗马书 12:1-2｜献为活祭,罗马书 12:1-2｜献为活祭,2025-03-08,2025-03-08,灵命成长,灵命成长,罗马书 12:1-2,罗马书 12:1-2,"献为活祭 圣经:罗马书12:1-2 圣经:罗马书12:1-2 所以弟兄们,我以上帝的慈悲劝你们,将身体献上,当作活祭,是圣洁的,是上帝所喜悦的,你们如此侍奉,乃是理所当然的。不要效","献为活祭 圣经:罗马书12:1-2 圣经:罗马书12:1-2 所以弟兄们,我以上帝的慈悲劝你们,将身体献上,当作活祭,是圣洁的,是上帝所喜悦的,你们如此侍奉,乃是理所当然的。不要效",5935,5935,
2025-03-09-使徒行传-12-1-19凭圣灵祷告,2025-03-09-使徒行传-12-1-19｜凭圣灵祷告,2025-03-09-使徒行传-12-1-19凭圣灵祷告,same,src/content/posts/2025-03-09-使徒行传-12-1-19｜凭圣灵祷告.md,https://ronniecross.com/posts/2025-03-09-使徒行传-12-1-19凭圣灵祷告/,使徒行传 12:1-19｜凭圣灵祷告,使徒行传 12:1-19｜凭圣灵祷告,2025-03-09,2025-03-09,教会讲道,教会讲道,使徒行传 12:1-19,使徒行传 12:1-19,20250309-中文 使徒行传 12：1-19 凭圣灵祷告 大家早上好！很高兴能继续和大家一起学习《使徒行传》中的神的话语。今天我们要看《使徒行传》第12章，,20250309-中文 使徒行传 12：1-19 凭圣灵祷告 大家早上好！很高兴能继续和大家一起学习《使徒行传》中的神的话语。今天我们要看《使徒行传》第12章，,4571,4571,
2025-03-16-使徒行传-13-1-29圣灵引导的宣教,2025-03-16-使徒行传-13-1-29｜圣灵引导的宣教,2025-03-16-使徒行传-13-1-29圣灵引导的宣教,same,src/content/posts/2025-03-16-使徒行传-13-1-29｜圣灵引导的宣教.md,https://ronniecross.com/posts/2025-03-16-使徒行传-13-1-29圣灵引导的宣教/,使徒行传 13:1-29｜圣灵引导的宣教,使徒行传 13:1-29｜圣灵引导的宣教,2025-03-16,2025-03-16,教会讲道,教会讲道,使徒行传 13:1-29,使徒行传 13:1-29,20250316-中文 使徒行传 13：1-29 圣灵引导的宣教 大家早上好！今天我们继续学习《使徒行传》系列——被圣灵感动。 上周我们谈到了祷告的教会所带来的,20250316-中文 使徒行传 13：1-29 圣灵引导的宣教 大家早上好！今天我们继续学习《使徒行传》系列——被圣灵感动。 上周我们谈到了祷告的教会所带来的,4358,4358,
2025-03-23-使徒行传-14-8-23福音的坚韧,2025-03-23-使徒行传-14-8-23｜福音的坚韧,2025-03-23-使徒行传-14-8-23福音的坚韧,same,src/content/posts/2025-03-23-使徒行传-14-8-23｜福音的坚韧.md,https://ronniecross.com/posts/2025-03-23-使徒行传-14-8-23福音的坚韧/,使徒行传 14:8-23｜福音的坚韧,使徒行传 14:8-23｜福音的坚韧,2025-03-23,2025-03-23,教会讲道,教会讲道,使徒行传 14:8-23,使徒行传 14:8-23,20250323-中文 使徒行传 14：8-23福音的坚韧 大家早上好！今天我们继续学习《使徒行传》，现在来到第14章。 上周我们看到，保罗和巴拿巴被安提阿教会,20250323-中文 使徒行传 14：8-23福音的坚韧 大家早上好！今天我们继续学习《使徒行传》，现在来到第14章。 上周我们看到，保罗和巴拿巴被安提阿教会,4582,4582,
2025-03-29-罗马书-8-18-30-得荣耀,2025-03-29-罗马书-8-18-30-得荣耀,2025-03-29-罗马书-8-18-30-得荣耀,same,src/content/posts/2025-03-29-罗马书-8-18-30-得荣耀.md,https://ronniecross.com/posts/2025-03-29-罗马书-8-18-30-得荣耀/,罗马书 8:18-30｜得荣耀,罗马书 8:18-30｜得荣耀,2025-03-29,2025-03-29,灵命成长,灵命成长,罗马书 8:18-30,罗马书 8:18-30,"得荣耀 罗马书8:18-30 罗马书8:18-30 18我想,现在的苦楚若比起将来要显于我们的荣耀,就不足介意了。19受造之物切望等候 神的众子显出来,20因为受造之物服在虚空之下","得荣耀 罗马书8:18-30 罗马书8:18-30 18我想,现在的苦楚若比起将来要显于我们的荣耀,就不足介意了。19受造之物切望等候 神的众子显出来,20因为受造之物服在虚空之下",6055,6055,
2025-03-30-使徒行传-16-20-34借着圣灵得自由,2025-03-30-使徒行传-16-20-34｜借着圣灵得自由,2025-03-30-使徒行传-16-20-34借着圣灵得自由,same,src/content/posts/2025-03-30-使徒行传-16-20-34｜借着圣灵得自由.md,https://ronniecross.com/posts/2025-03-30-使徒行传-16-20-34借着圣灵得自由/,使徒行传 16:20-34｜借着圣灵得自由,使徒行传 16:20-34｜借着圣灵得自由,2025-03-30,2025-03-30,教会讲道,教会讲道,使徒行传 16:20-34,使徒行传 16:20-34,20259330-中文 使徒行传 16：20-34 借着圣灵得自由 早上好，大家！ 今天是家庭主日，我很兴奋能和大家一起学习《使徒行传》。孩子们，今天你们也在这,20259330-中文 使徒行传 16：20-34 借着圣灵得自由 早上好，大家！ 今天是家庭主日，我很兴奋能和大家一起学习《使徒行传》。孩子们，今天你们也在这,3919,3919,
2025-04-06-使徒行传-15-1-12如何处理冲突,2025-04-06-使徒行传-15-1-12｜如何处理冲突,2025-04-06-使徒行传-15-1-12如何处理冲突,same,src/content/posts/2025-04-06-使徒行传-15-1-12｜如何处理冲突.md,https://ronniecross.com/posts/2025-04-06-使徒行传-15-1-12如何处理冲突/,使徒行传 15:1-12｜如何处理冲突,使徒行传 15:1-12｜如何处理冲突,2025-04-06,2025-04-06,教会讲道,教会讲道,使徒行传 15:1-12,使徒行传 15:1-12,20250406-中文 使徒行传 15：1-12 如何处理冲突 大家早上好。今天我们要回到比上周所读的使徒行传第16章更早的时间，我们今天要看的经文是使徒行传第,20250406-中文 使徒行传 15：1-12 如何处理冲突 大家早上好。今天我们要回到比上周所读的使徒行传第16章更早的时间，我们今天要看的经文是使徒行传第,4343,4343,
2025-04-13-哥林多前书-2-1-2复活节系列-十字架上的三句话,2025-04-13-哥林多前书-2-1-2｜复活节系列-十字架上的三句话,2025-04-13-哥林多前书-2-1-2复活节系列-十字架上的三句话,same,src/content/posts/2025-04-13-哥林多前书-2-1-2｜复活节系列-十字架上的三句话.md,https://ronniecross.com/posts/2025-04-13-哥林多前书-2-1-2复活节系列-十字架上的三句话/,哥林多前书 2:1-2｜复活节系列:十字架上的三句话,哥林多前书 2:1-2｜复活节系列:十字架上的三句话,2025-04-13,2025-04-13,教会讲道,教会讲道,哥林多前书 2:1-2,哥林多前书 2:1-2,20250413-中文 复活节系列：十字架上的三句话 大家早上好！今天我们开始一个为期两周的复活节系列讲道，本周我们来看十字架，下周我们将谈论复活。十字架是基督,20250413-中文 复活节系列：十字架上的三句话 大家早上好！今天我们开始一个为期两周的复活节系列讲道，本周我们来看十字架，下周我们将谈论复活。十字架是基督,4434,4434,
2025-04-20-哥林多前书-15-1-6复活节系列-复活的福音,2025-04-20-哥林多前书-15-1-6｜复活节系列-复活的福音,2025-04-20-哥林多前书-15-1-6复活节系列-复活的福音,same,src/content/posts/2025-04-20-哥林多前书-15-1-6｜复活节系列-复活的福音.md,https://ronniecross.com/posts/2025-04-20-哥林多前书-15-1-6复活节系列-复活的福音/,哥林多前书 15:1-6｜复活节系列:复活的福音,哥林多前书 15:1-6｜复活节系列:复活的福音,2025-04-20,2025-04-20,教会讲道,教会讲道,哥林多前书 15:1-6,哥林多前书 15:1-6,20250420-中文 复活节系列：哥林多前书15：1-6复活的福音 大家早上好！复活主日快乐，或称作复活节！我们刚刚有机会听到耶稣在十字架上受死并复活的新生命,20250420-中文 复活节系列：哥林多前书15：1-6复活的福音 大家早上好！复活主日快乐，或称作复活节！我们刚刚有机会听到耶稣在十字架上受死并复活的新生命,3320,3320,
2025-04-26-马太福音-20-1-10-上帝公平吗,2025-04-26-马太福音-20-1-10-上帝公平吗,2025-04-26-马太福音-20-1-10-上帝公平吗,metadata_diff,src/content/posts/2025-04-26-马太福音-20-1-10-上帝公平吗.md,https://ronniecross.com/posts/2025-04-26-马太福音-20-1-10-上帝公平吗/,马太福音 20:1-10｜上帝公平吗,马太福音 20:1-10｜上帝公平吗,2025-04-26,2025-04-26,灵命成长,灵命成长,马太福音 20:1-10,马太福音 20:1-10,"上帝公平吗?(罗9:14-24) 有一个女孩写信给《芝加哥论坛报》,因为她实在搞不明白,为什么她帮妈妈把烤好的甜饼送到餐桌上,得到的只是一句\""好孩子\""的夸奖而那个什么都不干,只知捣","上帝公平吗?(罗9:14-24) 有一个女孩写信给《芝加哥论坛报》,因为她实在搞不明白,为什么她帮妈妈把烤好的甜饼送到餐桌上,得到的只是一句""好孩子""的夸奖而那个什么都不干,只知捣",3189,3189,Different fields: description
2025-04-27-使徒行传-17-1-12专心于神的话语,2025-04-27-使徒行传-17-1-12｜专心于神的话语,2025-04-27-使徒行传-17-1-12专心于神的话语,same,src/content/posts/2025-04-27-使徒行传-17-1-12｜专心于神的话语.md,https://ronniecross.com/posts/2025-04-27-使徒行传-17-1-12专心于神的话语/,使徒行传 17:1-12｜专心于神的话语,使徒行传 17:1-12｜专心于神的话语,2025-04-27,2025-04-27,教会讲道,教会讲道,使徒行传 17:1-12,使徒行传 17:1-12,20250427-中文 使徒行传 17：1-12 专心于神的话语 大家早上好，今天我们继续讲使徒行传系列，来看第17章。保罗正在进行他的第二次宣教之旅，这次同行,20250427-中文 使徒行传 17：1-12 专心于神的话语 大家早上好，今天我们继续讲使徒行传系列，来看第17章。保罗正在进行他的第二次宣教之旅，这次同行,4016,4016,
2025-05-04-使徒行传-17-16-24未知之神,2025-05-04-使徒行传-17-16-24｜未知之神,2025-05-04-使徒行传-17-16-24未知之神,same,src/content/posts/2025-05-04-使徒行传-17-16-24｜未知之神.md,https://ronniecross.com/posts/2025-05-04-使徒行传-17-16-24未知之神/,使徒行传 17:16-24｜未知之神,使徒行传 17:16-24｜未知之神,2025-05-04,2025-05-04,教会讲道,教会讲道,使徒行传 17:16-24,使徒行传 17:16-24,20250504-中文 使徒行传 17：16-24 未知之神 大家早上好，今天我们继续学习《使徒行传》系列，现在我们来到保罗第二次宣教旅程的中途，位于第17章。,20250504-中文 使徒行传 17：16-24 未知之神 大家早上好，今天我们继续学习《使徒行传》系列，现在我们来到保罗第二次宣教旅程的中途，位于第17章。,4763,4763,
2025-05-11-使徒行传-18-1-11保罗在哥林多,2025-05-11-使徒行传-18-1-11｜保罗在哥林多,2025-05-11-使徒行传-18-1-11保罗在哥林多,same,src/content/posts/2025-05-11-使徒行传-18-1-11｜保罗在哥林多.md,https://ronniecross.com/posts/2025-05-11-使徒行传-18-1-11保罗在哥林多/,使徒行传 18:1-11｜保罗在哥林多,使徒行传 18:1-11｜保罗在哥林多,2025-05-11,2025-05-11,教会讲道,教会讲道,使徒行传 18:1-11,使徒行传 18:1-11,20250511-中文 使徒行传18：1-11 保罗在哥林多 大家早上好。今天我们继续查考《使徒行传》，来到第18章。此时，保罗正在进行他的第二次宣教之旅。上周,20250511-中文 使徒行传18：1-11 保罗在哥林多 大家早上好。今天我们继续查考《使徒行传》，来到第18章。此时，保罗正在进行他的第二次宣教之旅。上周,4967,4967,
2025-05-17-罗马书-8-27-明白神的旨意-罗8-27,2025-05-17-罗马书-8-27-明白神的旨意-罗8-27,2025-05-17-罗马书-8-27-明白神的旨意-罗8-27,same,src/content/posts/2025-05-17-罗马书-8-27-明白神的旨意-罗8-27.md,https://ronniecross.com/posts/2025-05-17-罗马书-8-27-明白神的旨意-罗8-27/,罗马书 8:27｜明白神的旨意(罗8:27),罗马书 8:27｜明白神的旨意(罗8:27),2025-05-17,2025-05-17,灵命成长,灵命成长,罗马书 8:27,罗马书 8:27,"明白神的旨意(罗8:27) 罗马书8:27 鉴察人心的,晓得圣灵的意思,因为圣灵照着神的旨意替圣徒祈求。 这节经文介绍圣灵的代求是在“神的旨意”之层次上,而不是在我们的层次上。“我","明白神的旨意(罗8:27) 罗马书8:27 鉴察人心的,晓得圣灵的意思,因为圣灵照着神的旨意替圣徒祈求。 这节经文介绍圣灵的代求是在“神的旨意”之层次上,而不是在我们的层次上。“我",4989,4989,
2025-05-18-使徒行传-18-18-28亚波罗在以弗所,2025-05-18-使徒行传-18-18-28｜亚波罗在以弗所,2025-05-18-使徒行传-18-18-28亚波罗在以弗所,same,src/content/posts/2025-05-18-使徒行传-18-18-28｜亚波罗在以弗所.md,https://ronniecross.com/posts/2025-05-18-使徒行传-18-18-28亚波罗在以弗所/,使徒行传 18:18-28｜亚波罗在以弗所,使徒行传 18:18-28｜亚波罗在以弗所,2025-05-18,2025-05-18,教会讲道,教会讲道,使徒行传 18:18-28,使徒行传 18:18-28,20250518-中文 使徒行传 18：18-28亚波罗在以弗所 大家早上好！我们原本打算继续查考《使徒行传》第19章，但我实在不忍跳过第18章结尾这段关于亚波,20250518-中文 使徒行传 18：18-28亚波罗在以弗所 大家早上好！我们原本打算继续查考《使徒行传》第19章，但我实在不忍跳过第18章结尾这段关于亚波,4249,4249,
2025-05-24-诗篇-32-1-11-悔改的操练-在认罪与赦免中经历神,2025-05-24-诗篇-32-1-11-悔改的操练-在认罪与赦免中经历神,2025-05-24-诗篇-32-1-11-悔改的操练-在认罪与赦免中经历神,same,src/content/posts/2025-05-24-诗篇-32-1-11-悔改的操练-在认罪与赦免中经历神.md,https://ronniecross.com/posts/2025-05-24-诗篇-32-1-11-悔改的操练-在认罪与赦免中经历神/,诗篇 32:1-11｜悔改的操练：在认罪与赦免中经历神,诗篇 32:1-11｜悔改的操练：在认罪与赦免中经历神,2025-05-24,2025-05-24,灵命成长,灵命成长,诗篇 32:1-11,诗篇 32:1-11,"诗 32 悔改的操练 我们来查考诗篇第32篇。 得赦免其过、遮盖其罪的,这人是有福的!凡心里没有诡诈、耶和华不算为有罪的,这人是有福的!我闭口不认罪的时候,因终日唉哼而骨头枯干。黑","诗 32 悔改的操练 我们来查考诗篇第32篇。 得赦免其过、遮盖其罪的,这人是有福的!凡心里没有诡诈、耶和华不算为有罪的,这人是有福的!我闭口不认罪的时候,因终日唉哼而骨头枯干。黑",8302,8302,
2025-05-25-使徒行传-19保罗在以弗所,2025-05-25-使徒行传-19｜保罗在以弗所,2025-05-25-使徒行传-19保罗在以弗所,same,src/content/posts/2025-05-25-使徒行传-19｜保罗在以弗所.md,https://ronniecross.com/posts/2025-05-25-使徒行传-19保罗在以弗所/,使徒行传 19｜保罗在以弗所,使徒行传 19｜保罗在以弗所,2025-05-25,2025-05-25,教会讲道,教会讲道,使徒行传 19,使徒行传 19,20250525-中文 使徒行传19章——保罗在以弗所 大家早上好！今天是家庭主日，小朋友们，如果你还没有拿到活动纸，请记得领取一张。我们照例会有三个问题，如果,20250525-中文 使徒行传19章——保罗在以弗所 大家早上好！今天是家庭主日，小朋友们，如果你还没有拿到活动纸，请记得领取一张。我们照例会有三个问题，如果,3946,3946,
2025-06-01-使徒行传-20保罗与以弗所的长老们,2025-06-01-使徒行传-20｜保罗与以弗所的长老们,2025-06-01-使徒行传-20保罗与以弗所的长老们,same,src/content/posts/2025-06-01-使徒行传-20｜保罗与以弗所的长老们.md,https://ronniecross.com/posts/2025-06-01-使徒行传-20保罗与以弗所的长老们/,使徒行传 20｜保罗与以弗所的长老们,使徒行传 20｜保罗与以弗所的长老们,2025-06-01,2025-06-01,教会讲道,教会讲道,使徒行传 20,使徒行传 20,20250601-中文 使徒行传20章：保罗与以弗所的长老们 大家早上好，我们将在接下来的三个主日里结束《使徒行传》的系列讲道。《使徒行传》第22到27章有一大,20250601-中文 使徒行传20章：保罗与以弗所的长老们 大家早上好，我们将在接下来的三个主日里结束《使徒行传》的系列讲道。《使徒行传》第22到27章有一大,5008,5008,
2025-06-06-罗马书-14-1-12-不可论断,2025-06-06-罗马书-14-1-12-不可论断,2025-06-06-罗马书-14-1-12-不可论断,same,src/content/posts/2025-06-06-罗马书-14-1-12-不可论断.md,https://ronniecross.com/posts/2025-06-06-罗马书-14-1-12-不可论断/,罗马书 14:1-12｜不可论断,罗马书 14:1-12｜不可论断,2025-06-06,2025-06-06,灵命成长,灵命成长,罗马书 14:1-12,罗马书 14:1-12,"不可论断 经文:罗14:1-12 刚才我们读了《罗马书》14章1~12节的经文,这处经文有一个主题,就是弟兄姐妹之间要彼此包容,而不是互相论断。这个主题对于罗马教会来说,非常及时。","不可论断 经文:罗14:1-12 刚才我们读了《罗马书》14章1~12节的经文,这处经文有一个主题,就是弟兄姐妹之间要彼此包容,而不是互相论断。这个主题对于罗马教会来说,非常及时。",5539,5539,
2025-06-08-使徒行传-22-1-22保罗的见证,2025-06-08-使徒行传-22-1-22｜保罗的见证,2025-06-08-使徒行传-22-1-22保罗的见证,same,src/content/posts/2025-06-08-使徒行传-22-1-22｜保罗的见证.md,https://ronniecross.com/posts/2025-06-08-使徒行传-22-1-22保罗的见证/,使徒行传 22:1-22｜保罗的见证,使徒行传 22:1-22｜保罗的见证,2025-06-08,2025-06-08,教会讲道,教会讲道,使徒行传 22:1-22,使徒行传 22:1-22,20250608-中文 使徒行传22：1-22 保罗的见证 大家早上好。今天是我们《使徒行传》系列讲道的倒数第二次。我们简单回顾一下：上周我们看了保罗在米利都这,20250608-中文 使徒行传22：1-22 保罗的见证 大家早上好。今天是我们《使徒行传》系列讲道的倒数第二次。我们简单回顾一下：上周我们看了保罗在米利都这,4931,4931,
2025-06-15-使徒行传-18-28-31善终之道,2025-06-15-使徒行传-18-28-31｜善终之道,2025-06-15-使徒行传-18-28-31善终之道,same,src/content/posts/2025-06-15-使徒行传-18-28-31｜善终之道.md,https://ronniecross.com/posts/2025-06-15-使徒行传-18-28-31善终之道/,使徒行传 18:28-31｜善终之道,使徒行传 18:28-31｜善终之道,2025-06-15,2025-06-15,教会讲道,教会讲道,使徒行传 18:28-31,使徒行传 18:28-31,20250615-中文 使徒行传18：28-31：善终之道 大家早上好！今天是我们《使徒行传》系列讲道的最后一讲，主题是“被圣灵感动”。这段旅程真是一场奇妙的冒,20250615-中文 使徒行传18：28-31：善终之道 大家早上好！今天是我们《使徒行传》系列讲道的最后一讲，主题是“被圣灵感动”。这段旅程真是一场奇妙的冒,4743,4743,
2025-06-21-罗马书-8-31-得胜有余基督里,2025-06-21-罗马书-8-31-得胜有余基督里,2025-06-21-罗马书-8-31-得胜有余基督里,same,src/content/posts/2025-06-21-罗马书-8-31-得胜有余基督里.md,https://ronniecross.com/posts/2025-06-21-罗马书-8-31-得胜有余基督里/,罗马书 8:31｜得胜有余基督里,罗马书 8:31｜得胜有余基督里,2025-06-21,2025-06-21,灵命成长,灵命成长,罗马书 8:31,罗马书 8:31,"得胜有余基督里 罗8:31-39 (罗8:31-39) 罗 8:31 既是这样,还有什么说的呢?神若帮助我们,谁能敌挡我们呢? 罗 8:32 神既不爱惜自己的儿子为我们众人舍了,岂","得胜有余基督里 罗8:31-39 (罗8:31-39) 罗 8:31 既是这样,还有什么说的呢?神若帮助我们,谁能敌挡我们呢? 罗 8:32 神既不爱惜自己的儿子为我们众人舍了,岂",4880,4880,
2025-06-22-约拿书-1经文讲解,2025-06-22-约拿书-1｜经文讲解,2025-06-22-约拿书-1经文讲解,same,src/content/posts/2025-06-22-约拿书-1｜经文讲解.md,https://ronniecross.com/posts/2025-06-22-约拿书-1经文讲解/,约拿书 1｜经文讲解,约拿书 1｜经文讲解,2025-06-22,2025-06-22,教会讲道,教会讲道,约拿书 1,约拿书 1,20250622-中文 早安，教会的家人们！如果你已经在 Cross 教会一段时间了，你可能已经注意到——我不是 Patrick 牧师。如果你是新来的，我叫 G,20250622-中文 早安，教会的家人们！如果你已经在 Cross 教会一段时间了，你可能已经注意到——我不是 Patrick 牧师。如果你是新来的，我叫 G,5186,5186,
2025-06-29-约拿书-2经文讲解,2025-06-29-约拿书-2｜经文讲解,2025-06-29-约拿书-2经文讲解,same,src/content/posts/2025-06-29-约拿书-2｜经文讲解.md,https://ronniecross.com/posts/2025-06-29-约拿书-2经文讲解/,约拿书 2｜经文讲解,约拿书 2｜经文讲解,2025-06-29,2025-06-29,教会讲道,教会讲道,约拿书 2,约拿书 2,20250629-中文 早安，教会的弟兄姐妹们， 我很高兴今天早上再次与你们相聚。今天我们将继续查考约拿书这个系列。如果你是第一次加入，可能听说过《约拿书》是关,20250629-中文 早安，教会的弟兄姐妹们， 我很高兴今天早上再次与你们相聚。今天我们将继续查考约拿书这个系列。如果你是第一次加入，可能听说过《约拿书》是关,4486,4486,
2025-07-06-约拿书-3经文讲解,2025-07-06-约拿书-3｜经文讲解,2025-07-06-约拿书-3经文讲解,same,src/content/posts/2025-07-06-约拿书-3｜经文讲解.md,https://ronniecross.com/posts/2025-07-06-约拿书-3经文讲解/,约拿书 3｜经文讲解,约拿书 3｜经文讲解,2025-07-06,2025-07-06,教会讲道,教会讲道,约拿书 3,约拿书 3,20250706-中文 教会的弟兄姊妹早安， 这几周我们一直在研读《约拿书》，今天我们要结束这段旅程，进入第四章的内容。如果你今天才加入我们，我们最近在查考约拿,20250706-中文 教会的弟兄姊妹早安， 这几周我们一直在研读《约拿书》，今天我们要结束这段旅程，进入第四章的内容。如果你今天才加入我们，我们最近在查考约拿,4655,4655,
2025-07-13-约翰福音-6-22-29引言-我们需要一次诊断,2025-07-13-约翰福音-6-22-29｜引言-我们需要一次诊断,2025-07-13-约翰福音-6-22-29引言-我们需要一次诊断,same,src/content/posts/2025-07-13-约翰福音-6-22-29｜引言-我们需要一次诊断.md,https://ronniecross.com/posts/2025-07-13-约翰福音-6-22-29引言-我们需要一次诊断/,约翰福音 6:22-29｜引言:我们需要一次诊断,约翰福音 6:22-29｜引言:我们需要一次诊断,2025-07-13,2025-07-13,教会讲道,教会讲道,约翰福音 6:22-29,约翰福音 6:22-29,20250713-中文 经文：约翰福音 6：22–29引言：我们需要一次诊断 大约一个月前，我的肋骨突然剧烈疼痛，最后去了医院。 那是一种我从未经历过的痛，我完,20250713-中文 经文：约翰福音 6：22–29引言：我们需要一次诊断 大约一个月前，我的肋骨突然剧烈疼痛，最后去了医院。 那是一种我从未经历过的痛，我完,5045,5045,
2025-07-20-约翰福音-6-30-35福音的渗透力,2025-07-20-约翰福音-6-30-35｜福音的渗透力,2025-07-20-约翰福音-6-30-35福音的渗透力,same,src/content/posts/2025-07-20-约翰福音-6-30-35｜福音的渗透力.md,https://ronniecross.com/posts/2025-07-20-约翰福音-6-30-35福音的渗透力/,约翰福音 6:30-35｜福音的渗透力,约翰福音 6:30-35｜福音的渗透力,2025-07-20,2025-07-20,教会讲道,教会讲道,约翰福音 6:30-35,约翰福音 6:30-35,20250720-中文 约翰福音 6：30–35福音的渗透力 《福音与生活》系列第二讲 中心思想：在我们愿意用信心去接受福音的每一个生活领域里，神就在那里动工，,20250720-中文 约翰福音 6：30–35福音的渗透力 《福音与生活》系列第二讲 中心思想：在我们愿意用信心去接受福音的每一个生活领域里，神就在那里动工，,4736,4736,
2025-07-27-耶利米哀歌-3-19-33kota见证,2025-07-27-耶利米哀歌-3-19-33｜kota见证,2025-07-27-耶利米哀歌-3-19-33kota见证,same,src/content/posts/2025-07-27-耶利米哀歌-3-19-33｜kota见证.md,https://ronniecross.com/posts/2025-07-27-耶利米哀歌-3-19-33kota见证/,耶利米哀歌 3:19-33｜Kota见证,耶利米哀歌 3:19-33｜Kota见证,2025-07-27,2025-07-27,教会讲道,教会讲道,耶利米哀歌 3:19-33,耶利米哀歌 3:19-33,20250727-中文 现在，从黑暗与苦难中走出来 核心信息：我们可以凭着悔改与信心来面对苦难。主绝不会永远丢弃我们，祂从不撇下我们，也不舍弃我们。 ⸻ 引言 ,20250727-中文 现在，从黑暗与苦难中走出来 核心信息：我们可以凭着悔改与信心来面对苦难。主绝不会永远丢弃我们，祂从不撇下我们，也不舍弃我们。 ⸻ 引言 ,4315,4315,
2025-08-02-约翰福音-8-1-11-去吧-从此不要再犯罪-恩典与圣洁的生命,2025-08-02-约翰福音-8-1-11-去吧-从此不要再犯罪-恩典与圣洁的生命,2025-08-02-约翰福音-8-1-11-去吧-从此不要再犯罪-恩典与圣洁的生命,same,src/content/posts/2025-08-02-约翰福音-8-1-11-去吧-从此不要再犯罪-恩典与圣洁的生命.md,https://ronniecross.com/posts/2025-08-02-约翰福音-8-1-11-去吧-从此不要再犯罪-恩典与圣洁的生命/,约翰福音 8:1-11｜去吧，从此不要再犯罪：恩典与圣洁的生命,约翰福音 8:1-11｜去吧，从此不要再犯罪：恩典与圣洁的生命,2025-08-02,2025-08-02,灵命成长,灵命成长,约翰福音 8:1-11,约翰福音 8:1-11,"为什么耶稣会说“去吧,不要再犯罪了”? 在某些基督教圈子里,信徒们很快就会避免沾染任何律法主义的味道,这是应该的。耶稣和使徒们对此都有清楚明确的教导,新约也告诉我们,人不能靠行为得","为什么耶稣会说“去吧,不要再犯罪了”? 在某些基督教圈子里,信徒们很快就会避免沾染任何律法主义的味道,这是应该的。耶稣和使徒们对此都有清楚明确的教导,新约也告诉我们,人不能靠行为得",3457,3457,
2025-08-02-路加福音-16-19-31-马太福音-7-24-27-建在永恒根基上的生命-从两则比喻学习属灵智慧,2025-08-02-路加福音-16-19-31-马太福音-7-24-27-建在永恒根基上的生命-从两则比喻学习属灵智慧,2025-08-02-路加福音-16-19-31-马太福音-7-24-27-建在永恒根基上的生命-从两则比喻学习属灵智慧,same,src/content/posts/2025-08-02-路加福音-16-19-31-马太福音-7-24-27-建在永恒根基上的生命-从两则比喻学习属灵智慧.md,https://ronniecross.com/posts/2025-08-02-路加福音-16-19-31-马太福音-7-24-27-建在永恒根基上的生命-从两则比喻学习属灵智慧/,路加福音 16:19-31；马太福音 7:24-27｜建在永恒根基上的生命：从两则比喻学习属灵智慧,路加福音 16:19-31；马太福音 7:24-27｜建在永恒根基上的生命：从两则比喻学习属灵智慧,2025-08-02,2025-08-02,灵命成长,灵命成长,路加福音 16:19-31；马太福音 7:24-27,路加福音 16:19-31；马太福音 7:24-27,"建在永恒根基上的生命——从两则比喻看属灵智慧 主耶稣在世上的时候,常以比喻讲述天国的奥秘。他没有用高深的哲学,而是借着人们熟悉的生活场景,让属天的真理变得可触可感。 耶稣几乎从不单","建在永恒根基上的生命——从两则比喻看属灵智慧 主耶稣在世上的时候,常以比喻讲述天国的奥秘。他没有用高深的哲学,而是借着人们熟悉的生活场景,让属天的真理变得可触可感。 耶稣几乎从不单",4962,4962,
2025-08-03-马可福音-10-17-22我心中的福音,2025-08-03-马可福音-10-17-22｜我心中的福音,2025-08-03-马可福音-10-17-22我心中的福音,same,src/content/posts/2025-08-03-马可福音-10-17-22｜我心中的福音.md,https://ronniecross.com/posts/2025-08-03-马可福音-10-17-22我心中的福音/,马可福音 10:17-22｜我心中的福音,马可福音 10:17-22｜我心中的福音,2025-08-03,2025-08-03,教会讲道,教会讲道,马可福音 10:17-22,马可福音 10:17-22,20250803-中文 马可福音 10：17-22我心中的福音 系列信息：《生命中的福音》 马可福音 10:17-22（英文标准译本） 耶稣正要上路的时候，有一,20250803-中文 马可福音 10：17-22我心中的福音 系列信息：《生命中的福音》 马可福音 10:17-22（英文标准译本） 耶稣正要上路的时候，有一,5068,5068,
2025-08-09-罗马书-8-28等-三段常被误解的经文-在语境中理解神的应许,2025-08-09-罗马书-8-28等-三段常被误解的经文-在语境中理解神的应许,2025-08-09-罗马书-8-28等-三段常被误解的经文-在语境中理解神的应许,same,src/content/posts/2025-08-09-罗马书-8-28等-三段常被误解的经文-在语境中理解神的应许.md,https://ronniecross.com/posts/2025-08-09-罗马书-8-28等-三段常被误解的经文-在语境中理解神的应许/,罗马书 8:28等｜三段常被误解的经文：在语境中理解神的应许,罗马书 8:28等｜三段常被误解的经文：在语境中理解神的应许,2025-08-09,2025-08-09,灵命成长,灵命成长,罗马书 8:28等,罗马书 8:28等,"三段被误解的圣经经文,以及神真正的应许 在信仰的圈子里,我们常常听人强调要紧紧抓住神的应许,以及将灵魂稳稳地扎根在圣经中所带来的自由。然而,真正带来改变与平安的,是按神所定义的真理","三段被误解的圣经经文,以及神真正的应许 在信仰的圈子里,我们常常听人强调要紧紧抓住神的应许,以及将灵魂稳稳地扎根在圣经中所带来的自由。然而,真正带来改变与平安的,是按神所定义的真理",4469,4469,
2025-08-10-使徒行传-2-42-47与我们同在的福音,2025-08-10-使徒行传-2-42-47｜与我们同在的福音,2025-08-10-使徒行传-2-42-47与我们同在的福音,same,src/content/posts/2025-08-10-使徒行传-2-42-47｜与我们同在的福音.md,https://ronniecross.com/posts/2025-08-10-使徒行传-2-42-47与我们同在的福音/,使徒行传 2:42-47｜与我们同在的福音,使徒行传 2:42-47｜与我们同在的福音,2025-08-10,2025-08-10,教会讲道,教会讲道,使徒行传 2:42-47,使徒行传 2:42-47,20250810-Ryan- 使徒行传 2：42–47与我们同在的福音 系列：生命中的福音 使徒行传 2:42–47（ESV） 他们都恒心遵守使徒的教训，彼此交,20250810-Ryan- 使徒行传 2：42–47与我们同在的福音 系列：生命中的福音 使徒行传 2:42–47（ESV） 他们都恒心遵守使徒的教训，彼此交,4804,4804,
2025-08-17-诗篇-27-1神是我们的堡垒,2025-08-17-诗篇-27-1｜神是我们的堡垒,2025-08-17-诗篇-27-1神是我们的堡垒,same,src/content/posts/2025-08-17-诗篇-27-1｜神是我们的堡垒.md,https://ronniecross.com/posts/2025-08-17-诗篇-27-1神是我们的堡垒/,诗篇 27:1｜神是我们的堡垒,诗篇 27:1｜神是我们的堡垒,2025-08-17,2025-08-17,教会讲道,教会讲道,诗篇 27:1,诗篇 27:1,20250817-中文P 讲道 诗篇 27：1 神是我们的堡垒 （检查道具：蜡烛、容器、打火机、支架、重物、绳子、垫子、绑的方法） 大家早上好！欢迎来到VBS主,20250817-中文P 讲道 诗篇 27：1 神是我们的堡垒 （检查道具：蜡烛、容器、打火机、支架、重物、绳子、垫子、绑的方法） 大家早上好！欢迎来到VBS主,3025,3025,
2025-08-24-马可福音-4-1-20撒种的比喻,2025-08-24-马可福音-4-1-20｜撒种的比喻,2025-08-24-马可福音-4-1-20撒种的比喻,same,src/content/posts/2025-08-24-马可福音-4-1-20｜撒种的比喻.md,https://ronniecross.com/posts/2025-08-24-马可福音-4-1-20撒种的比喻/,马可福音 4:1-20｜撒种的比喻,马可福音 4:1-20｜撒种的比喻,2025-08-24,2025-08-24,教会讲道,教会讲道,马可福音 4:1-20,马可福音 4:1-20,20250824-中文P 马可福音 4:1-20 撒种的比喻 大家早上好。我很兴奋，因为今天我们要开始新的一系列信息《耶稣的教导》第二季：比喻。去年我们做了第一,20250824-中文P 马可福音 4:1-20 撒种的比喻 大家早上好。我很兴奋，因为今天我们要开始新的一系列信息《耶稣的教导》第二季：比喻。去年我们做了第一,5169,5169,
2025-08-30-约翰福音-8-1-11-耶稣为何在地上写字-恩典审判与悔改,2025-08-30-约翰福音-8-1-11-耶稣为何在地上写字-恩典、审判与悔改,2025-08-30-约翰福音-8-1-11-耶稣为何在地上写字-恩典审判与悔改,same,src/content/posts/2025-08-30-约翰福音-8-1-11-耶稣为何在地上写字-恩典、审判与悔改.md,https://ronniecross.com/posts/2025-08-30-约翰福音-8-1-11-耶稣为何在地上写字-恩典审判与悔改/,约翰福音 8:1-11｜耶稣为何在地上写字：恩典、审判与悔改,约翰福音 8:1-11｜耶稣为何在地上写字：恩典、审判与悔改,2025-08-30,2025-08-30,灵命成长,灵命成长,约翰福音 8:1-11,约翰福音 8:1-11,"耶稣为何在地上写字 约翰福音8:1-11 1耶稣却往橄榄山去。 2 清早又回到殿里。众百姓都到他那里去,他就坐下教训他们。 3 文士和法利赛人,带着一个行淫时被拿的妇人来,叫她站在","耶稣为何在地上写字 约翰福音8:1-11 1耶稣却往橄榄山去。 2 清早又回到殿里。众百姓都到他那里去,他就坐下教训他们。 3 文士和法利赛人,带着一个行淫时被拿的妇人来,叫她站在",9160,9160,
2025-08-31-约翰福音-13-31-35教会的身份证明,2025-08-31-约翰福音-13-31-35｜教会的身份证明,2025-08-31-约翰福音-13-31-35教会的身份证明,same,src/content/posts/2025-08-31-约翰福音-13-31-35｜教会的身份证明.md,https://ronniecross.com/posts/2025-08-31-约翰福音-13-31-35教会的身份证明/,约翰福音 13:31-35｜教会的身份证明,约翰福音 13:31-35｜教会的身份证明,2025-08-31,2025-08-31,教会讲道,教会讲道,约翰福音 13:31-35,约翰福音 13:31-35,20250831-中文 教会的身份证明 约翰福音 13:31-35 引言 1. 我小的时候很喜欢穿各种服装。 a. 有一年圣诞节我收到了一套水手服，但我哭了，因,20250831-中文 教会的身份证明 约翰福音 13:31-35 引言 1. 我小的时候很喜欢穿各种服装。 a. 有一年圣诞节我收到了一套水手服，但我哭了，因,3342,3342,
2025-09-07-马太福音-13-31-33芥菜种面酵的比喻,2025-09-07-马太福音-13-31-33｜芥菜种面酵的比喻,2025-09-07-马太福音-13-31-33芥菜种面酵的比喻,same,src/content/posts/2025-09-07-马太福音-13-31-33｜芥菜种面酵的比喻.md,https://ronniecross.com/posts/2025-09-07-马太福音-13-31-33芥菜种面酵的比喻/,马太福音 13:31-33｜芥菜种面酵的比喻,马太福音 13:31-33｜芥菜种面酵的比喻,2025-09-07,2025-09-07,教会讲道,教会讲道,马太福音 13:31-33,马太福音 13:31-33,20250907-中文P 马太福音 13:31-33 芥菜种/面酵的比喻 大家早安，我很兴奋今天能够继续我们关于耶稣比喻的系列。上次我们分享过，比喻是一种带有属,20250907-中文P 马太福音 13:31-33 芥菜种/面酵的比喻 大家早安，我很兴奋今天能够继续我们关于耶稣比喻的系列。上次我们分享过，比喻是一种带有属,4292,4292,
2025-09-14-马太福音-13-44-46基督无限的价值,2025-09-14-马太福音-13-44-46｜基督无限的价值,2025-09-14-马太福音-13-44-46基督无限的价值,same,src/content/posts/2025-09-14-马太福音-13-44-46｜基督无限的价值.md,https://ronniecross.com/posts/2025-09-14-马太福音-13-44-46基督无限的价值/,马太福音 13:44-46｜基督无限的价值,马太福音 13:44-46｜基督无限的价值,2025-09-14,2025-09-14,教会讲道,教会讲道,马太福音 13:44-46,马太福音 13:44-46,20250914-中文P 马太福音 13:44-46 基督无限的价值 大家早上好，我们要继续查考耶稣关于比喻的教导。耶稣用比喻来说明祂的国度与世上的国度不同。祂,20250914-中文P 马太福音 13:44-46 基督无限的价值 大家早上好，我们要继续查考耶稣关于比喻的教导。耶稣用比喻来说明祂的国度与世上的国度不同。祂,4320,4320,
2025-09-21-路加福音-15-1-7善牧,2025-09-21-路加福音-15-1-7｜善牧,2025-09-21-路加福音-15-1-7善牧,same,src/content/posts/2025-09-21-路加福音-15-1-7｜善牧.md,https://ronniecross.com/posts/2025-09-21-路加福音-15-1-7善牧/,路加福音 15:1-7｜善牧,路加福音 15:1-7｜善牧,2025-09-21,2025-09-21,教会讲道,教会讲道,路加福音 15:1-7,路加福音 15:1-7,20250921-中文P 路加福音 15:1-7 善牧 大家早安。我们继续查考耶稣的比喻系列。记得吗，耶稣用比喻来说明祂的国度是什么样的。祂的统治和权柄不像世上,20250921-中文P 路加福音 15:1-7 善牧 大家早安。我们继续查考耶稣的比喻系列。记得吗，耶稣用比喻来说明祂的国度是什么样的。祂的统治和权柄不像世上,4224,4224,
2025-09-27-马太福音-6-9-13-主祷文-从天父关系理解祷告,2025-09-27-马太福音-6-9-13-主祷文-从天父关系理解祷告,2025-09-27-马太福音-6-9-13-主祷文-从天父关系理解祷告,same,src/content/posts/2025-09-27-马太福音-6-9-13-主祷文-从天父关系理解祷告.md,https://ronniecross.com/posts/2025-09-27-马太福音-6-9-13-主祷文-从天父关系理解祷告/,马太福音 6:9-13｜主祷文：从天父关系理解祷告,马太福音 6:9-13｜主祷文：从天父关系理解祷告,2025-09-27,2025-09-27,灵命成长,灵命成长,马太福音 6:9-13,马太福音 6:9-13,"主祷文的奥秘 主祷文,你可能已经念了上千遍,熟悉得如同自己的呼吸。 但你是否知道耶稣为什么要我们用这几句特定的话来祷告?耶稣不是建议让我们这样祷告,而是指示,你们祷告要这样说。 为","主祷文的奥秘 主祷文,你可能已经念了上千遍,熟悉得如同自己的呼吸。 但你是否知道耶稣为什么要我们用这几句特定的话来祷告?耶稣不是建议让我们这样祷告,而是指示,你们祷告要这样说。 为",11672,11672,
2025-09-28-路加福音-10-25-37好撒玛利亚人,2025-09-28-路加福音-10-25-37｜好撒玛利亚人,2025-09-28-路加福音-10-25-37好撒玛利亚人,same,src/content/posts/2025-09-28-路加福音-10-25-37｜好撒玛利亚人.md,https://ronniecross.com/posts/2025-09-28-路加福音-10-25-37好撒玛利亚人/,路加福音 10:25-37｜好撒玛利亚人,路加福音 10:25-37｜好撒玛利亚人,2025-09-28,2025-09-28,教会讲道,教会讲道,路加福音 10:25-37,路加福音 10:25-37,20250928-中文P 路加福音 10:25-37 《好撒玛利亚人》 谢谢 Rowan 和 Selah 为我们读圣经。这是一个非常有名的故事，不是吗？全世界有,20250928-中文P 路加福音 10:25-37 《好撒玛利亚人》 谢谢 Rowan 和 Selah 为我们读圣经。这是一个非常有名的故事，不是吗？全世界有,4066,4066,
2025-10-05-马太福音-18-21-35不饶恕人的仆人,2025-10-05-马太福音-18-21-35｜不饶恕人的仆人,2025-10-05-马太福音-18-21-35不饶恕人的仆人,same,src/content/posts/2025-10-05-马太福音-18-21-35｜不饶恕人的仆人.md,https://ronniecross.com/posts/2025-10-05-马太福音-18-21-35不饶恕人的仆人/,马太福音 18:21-35｜不饶恕人的仆人,马太福音 18:21-35｜不饶恕人的仆人,2025-10-05,2025-10-05,教会讲道,教会讲道,马太福音 18:21-35,马太福音 18:21-35,20251005-中文P 马太福音 18:21-35 不饶恕人的仆人 大家早上好。今天我们要继续查考耶稣的比喻系列，看看神的国度与这世界的国度有多么不同。上周我,20251005-中文P 马太福音 18:21-35 不饶恕人的仆人 大家早上好。今天我们要继续查考耶稣的比喻系列，看看神的国度与这世界的国度有多么不同。上周我,5527,5527,
2025-10-12-路加福音-15-11-32迷失的两个儿子,2025-10-12-路加福音-15-11-32｜迷失的两个儿子,2025-10-12-路加福音-15-11-32迷失的两个儿子,same,src/content/posts/2025-10-12-路加福音-15-11-32｜迷失的两个儿子.md,https://ronniecross.com/posts/2025-10-12-路加福音-15-11-32迷失的两个儿子/,路加福音 15:11-32｜迷失的两个儿子,路加福音 15:11-32｜迷失的两个儿子,2025-10-12,2025-10-12,教会讲道,教会讲道,路加福音 15:11-32,路加福音 15:11-32,20251012-中文P 路加福音 15:11-32 迷失的两个儿子 大家早安。今天我们要看圣经中最著名的比喻之一——浪子回头的比喻。然而，这个故事实际上讲的是,20251012-中文P 路加福音 15:11-32 迷失的两个儿子 大家早安。今天我们要看圣经中最著名的比喻之一——浪子回头的比喻。然而，这个故事实际上讲的是,4990,4990,
2025-10-19-马太福音-20-1-16葡萄园工人的比喻,2025-10-19-马太福音-20-1-16｜葡萄园工人的比喻,2025-10-19-马太福音-20-1-16葡萄园工人的比喻,same,src/content/posts/2025-10-19-马太福音-20-1-16｜葡萄园工人的比喻.md,https://ronniecross.com/posts/2025-10-19-马太福音-20-1-16葡萄园工人的比喻/,马太福音 20:1-16｜葡萄园工人的比喻,马太福音 20:1-16｜葡萄园工人的比喻,2025-10-19,2025-10-19,教会讲道,教会讲道,马太福音 20:1-16,马太福音 20:1-16,20251019-中文P 马太福音 20:1-16葡萄园工人的比喻 大家早上好！今天我们要继续讲耶稣的比喻系列，主题是——“神的国与世上的国度有何不同”。上周我,20251019-中文P 马太福音 20:1-16葡萄园工人的比喻 大家早上好！今天我们要继续讲耶稣的比喻系列，主题是——“神的国与世上的国度有何不同”。上周我,5125,5125,
2025-10-25-马太福音-7-13-14-两条道路-选择通往生命的窄路,2025-10-25-马太福音-7-13-14-两条道路-选择通往生命的窄路,2025-10-25-马太福音-7-13-14-两条道路-选择通往生命的窄路,same,src/content/posts/2025-10-25-马太福音-7-13-14-两条道路-选择通往生命的窄路.md,https://ronniecross.com/posts/2025-10-25-马太福音-7-13-14-两条道路-选择通往生命的窄路/,马太福音 7:13-14｜两条道路：选择通往生命的窄路,马太福音 7:13-14｜两条道路：选择通往生命的窄路,2025-10-25,2025-10-25,灵命成长,灵命成长,马太福音 7:13-14,马太福音 7:13-14,"人生只有两条路 你有没有停下来想过,自己现在走的是哪条路,无论你是谁,过去经历了什么,心里信什么。 就在这一刻,你的生命已经在这两条截然不同的道路中间选了一条。 在属灵的生命旅程里","人生只有两条路 你有没有停下来想过,自己现在走的是哪条路,无论你是谁,过去经历了什么,心里信什么。 就在这一刻,你的生命已经在这两条截然不同的道路中间选了一条。 在属灵的生命旅程里",8526,8526,
2025-10-26-路加福音-18-1-8坚持祈求的寡妇,2025-10-26-路加福音-18-1-8｜坚持祈求的寡妇,2025-10-26-路加福音-18-1-8坚持祈求的寡妇,same,src/content/posts/2025-10-26-路加福音-18-1-8｜坚持祈求的寡妇.md,https://ronniecross.com/posts/2025-10-26-路加福音-18-1-8坚持祈求的寡妇/,路加福音 18:1-8｜坚持祈求的寡妇,路加福音 18:1-8｜坚持祈求的寡妇,2025-10-26,2025-10-26,教会讲道,教会讲道,路加福音 18:1-8,路加福音 18:1-8,20251026-中文P 路加福音 18：1-8 坚持祈求的寡妇 大家早安，今天我们要继续学习《耶稣的比喻》系列，主题是路加福音第18章中的祷告。祷告是一个极其,20251026-中文P 路加福音 18：1-8 坚持祈求的寡妇 大家早安，今天我们要继续学习《耶稣的比喻》系列，主题是路加福音第18章中的祷告。祷告是一个极其,4553,4553,
2025-11-01-诗篇-23-1-马太福音-6-9-13-大卫与耶稣的祷告-学习信靠敬拜与亲近神,2025-11-01-诗篇-23-1-马太福音-6-9-13-大卫与耶稣的祷告-学习信靠、敬拜与亲近神,2025-11-01-诗篇-23-1-马太福音-6-9-13-大卫与耶稣的祷告-学习信靠敬拜与亲近神,same,src/content/posts/2025-11-01-诗篇-23-1-马太福音-6-9-13-大卫与耶稣的祷告-学习信靠、敬拜与亲近神.md,https://ronniecross.com/posts/2025-11-01-诗篇-23-1-马太福音-6-9-13-大卫与耶稣的祷告-学习信靠敬拜与亲近神/,诗篇 23:1；马太福音 6:9-13｜大卫与耶稣的祷告：学习信靠、敬拜与亲近神,诗篇 23:1；马太福音 6:9-13｜大卫与耶稣的祷告：学习信靠、敬拜与亲近神,2025-11-01,2025-11-01,灵命成长,灵命成长,诗篇 23:1；马太福音 6:9-13,诗篇 23:1；马太福音 6:9-13,"大卫是怎样祷告的? 让我们脑海中想象这样的画面:伯利恒的山丘下,夜空无垠。一个年轻的牧羊少年靠在岩石上,羊群在夜色中安静下来。大卫的琴放在膝上,琴弦在他指间轻轻颤动,发出柔和的声音","大卫是怎样祷告的? 让我们脑海中想象这样的画面:伯利恒的山丘下,夜空无垠。一个年轻的牧羊少年靠在岩石上,羊群在夜色中安静下来。大卫的琴放在膝上,琴弦在他指间轻轻颤动,发出柔和的声音",8262,8262,
2025-11-02-马太福音-21-33-45恶农夫的比喻,2025-11-02-马太福音-21-33-45｜恶农夫的比喻,2025-11-02-马太福音-21-33-45恶农夫的比喻,same,src/content/posts/2025-11-02-马太福音-21-33-45｜恶农夫的比喻.md,https://ronniecross.com/posts/2025-11-02-马太福音-21-33-45恶农夫的比喻/,马太福音 21:33-45｜恶农夫的比喻,马太福音 21:33-45｜恶农夫的比喻,2025-11-02,2025-11-02,教会讲道,教会讲道,马太福音 21:33-45,马太福音 21:33-45,20251102-中文P 马太福音 21：33-45 恶农夫的比喻 大家早上好，今天我们要一起来看《马太福音》21章33到45节中关于“恶农夫”的比喻。下周，我,20251102-中文P 马太福音 21：33-45 恶农夫的比喻 大家早上好，今天我们要一起来看《马太福音》21章33到45节中关于“恶农夫”的比喻。下周，我,4916,4916,
2025-11-09-马太福音-25-14-30才干的比喻,2025-11-09-马太福音-25-14-30｜才干的比喻,2025-11-09-马太福音-25-14-30才干的比喻,same,src/content/posts/2025-11-09-马太福音-25-14-30｜才干的比喻.md,https://ronniecross.com/posts/2025-11-09-马太福音-25-14-30才干的比喻/,马太福音 25:14-30｜才干的比喻,马太福音 25:14-30｜才干的比喻,2025-11-09,2025-11-09,教会讲道,教会讲道,马太福音 25:14-30,马太福音 25:14-30,20251109-中文P 马太福音 25：14-30 才干的比喻 大家早安。今天我们要来看“耶稣的比喻”系列中的最后一篇讲道。下周我们将开始一个新的三部分系列—,20251109-中文P 马太福音 25：14-30 才干的比喻 大家早安。今天我们要来看“耶稣的比喻”系列中的最后一篇讲道。下周我们将开始一个新的三部分系列—,5291,5291,
2025-11-16-马太福音-6-19-24管家职分-单一的主人,2025-11-16-马太福音-6-19-24｜管家职分-单一的主人,2025-11-16-马太福音-6-19-24管家职分-单一的主人,same,src/content/posts/2025-11-16-马太福音-6-19-24｜管家职分-单一的主人.md,https://ronniecross.com/posts/2025-11-16-马太福音-6-19-24管家职分-单一的主人/,马太福音 6:19-24｜管家职分-单一的主人,马太福音 6:19-24｜管家职分-单一的主人,2025-11-16,2025-11-16,教会讲道,教会讲道,马太福音 6:19-24,马太福音 6:19-24,20251116-中文P 马太福音 6:19-24 管家职分【单一的主人】 大家早上好！今天我们要开始一个三次的信息系列——《金钱与福音》。上周我们谈到了“才干,20251116-中文P 马太福音 6:19-24 管家职分【单一的主人】 大家早上好！今天我们要开始一个三次的信息系列——《金钱与福音》。上周我们谈到了“才干,4603,4603,
2025-11-23-哥林多后书-8-7-9慷慨,2025-11-23-哥林多后书-8-7-9｜慷慨,2025-11-23-哥林多后书-8-7-9慷慨,same,src/content/posts/2025-11-23-哥林多后书-8-7-9｜慷慨.md,https://ronniecross.com/posts/2025-11-23-哥林多后书-8-7-9慷慨/,哥林多后书 8:7-9｜慷慨,哥林多后书 8:7-9｜慷慨,2025-11-23,2025-11-23,教会讲道,教会讲道,哥林多后书 8:7-9,哥林多后书 8:7-9,20251123-中文P 哥林多后书 8:7-9 慷慨 大家早上好。今天我们继续“金钱与福音”这个系列。上周我们谈到了“管家职分”——我们应当如何管理神赐给我们,20251123-中文P 哥林多后书 8:7-9 慷慨 大家早上好。今天我们继续“金钱与福音”这个系列。上周我们谈到了“管家职分”——我们应当如何管理神赐给我们,5118,5118,
2025-11-29-马太福音-15-21-28-迦南妇人的信心-理解儿女与小狗的比喻,2025-11-29-马太福音-15-21-28-迦南妇人的信心-理解儿女与小狗的比喻,2025-11-29-马太福音-15-21-28-迦南妇人的信心-理解儿女与小狗的比喻,same,src/content/posts/2025-11-29-马太福音-15-21-28-迦南妇人的信心-理解儿女与小狗的比喻.md,https://ronniecross.com/posts/2025-11-29-马太福音-15-21-28-迦南妇人的信心-理解儿女与小狗的比喻/,马太福音 15:21-28｜迦南妇人的信心：理解儿女与小狗的比喻,马太福音 15:21-28｜迦南妇人的信心：理解儿女与小狗的比喻,2025-11-29,2025-11-29,灵命成长,灵命成长,马太福音 15:21-28,马太福音 15:21-28,"耶稣为何说她是狗 我们都知道,耶稣向来以怜悯、慈爱著称,医治无数病人,接纳各类边缘人。 但是在《马太福音》十五章的故事中,耶稣却对一位被鬼附的女儿哀求的外邦妇人,说出不好拿儿女的饼","耶稣为何说她是狗 我们都知道,耶稣向来以怜悯、慈爱著称,医治无数病人,接纳各类边缘人。 但是在《马太福音》十五章的故事中,耶稣却对一位被鬼附的女儿哀求的外邦妇人,说出不好拿儿女的饼",9057,9057,
2025-11-30-提摩太前书-6-6-10知足,2025-11-30-提摩太前书-6-6-10｜知足,2025-11-30-提摩太前书-6-6-10知足,same,src/content/posts/2025-11-30-提摩太前书-6-6-10｜知足.md,https://ronniecross.com/posts/2025-11-30-提摩太前书-6-6-10知足/,提摩太前书 6:6-10｜知足,提摩太前书 6:6-10｜知足,2025-11-30,2025-11-30,教会讲道,教会讲道,提摩太前书 6:6-10,提摩太前书 6:6-10,20251130-中文P 提摩太前书 6:6-10 知足 大家早上好！再次祝贺我们四周年纪念日快乐！今天我们将结束“金钱与福音”这一系列信息，主题是——知足。 ,20251130-中文P 提摩太前书 6:6-10 知足 大家早上好！再次祝贺我们四周年纪念日快乐！今天我们将结束“金钱与福音”这一系列信息，主题是——知足。 ,3731,3731,
2025-12-07-路加福音-1-26-38所应许的礼物,2025-12-07-路加福音-1-26-38｜所应许的礼物,2025-12-07-路加福音-1-26-38所应许的礼物,same,src/content/posts/2025-12-07-路加福音-1-26-38｜所应许的礼物.md,https://ronniecross.com/posts/2025-12-07-路加福音-1-26-38所应许的礼物/,路加福音 1:26-38｜所应许的礼物,路加福音 1:26-38｜所应许的礼物,2025-12-07,2025-12-07,教会讲道,教会讲道,路加福音 1:26-38,路加福音 1:26-38,20251207-中文P 路加福音 1:26-38 — 所应许的礼物 大家早上好！今天我们开始三部分的圣诞系列信息——《最伟大的礼物》。 我记得小时候，每到圣诞,20251207-中文P 路加福音 1:26-38 — 所应许的礼物 大家早上好！今天我们开始三部分的圣诞系列信息——《最伟大的礼物》。 我记得小时候，每到圣诞,4689,4689,
2025-12-14-路加福音-2-8-20礼物的宣告,2025-12-14-路加福音-2-8-20｜礼物的宣告,2025-12-14-路加福音-2-8-20礼物的宣告,same,src/content/posts/2025-12-14-路加福音-2-8-20｜礼物的宣告.md,https://ronniecross.com/posts/2025-12-14-路加福音-2-8-20礼物的宣告/,路加福音 2:8-20｜礼物的宣告,路加福音 2:8-20｜礼物的宣告,2025-12-14,2025-12-14,教会讲道,教会讲道,路加福音 2:8-20,路加福音 2:8-20,20251214-中文P 路加福音 2:8–20 礼物的宣告 大家早安。今天我们来到圣诞系列的第二部分——《最伟大的礼物》。我们将一起来看天使向牧羊人宣告耶稣降,20251214-中文P 路加福音 2:8–20 礼物的宣告 大家早安。今天我们来到圣诞系列的第二部分——《最伟大的礼物》。我们将一起来看天使向牧羊人宣告耶稣降,4913,4913,
2025-12-21-以弗所书-5-1-2最伟大的礼物,2025-12-21-以弗所书-5-1-2｜最伟大的礼物,2025-12-21-以弗所书-5-1-2最伟大的礼物,same,src/content/posts/2025-12-21-以弗所书-5-1-2｜最伟大的礼物.md,https://ronniecross.com/posts/2025-12-21-以弗所书-5-1-2最伟大的礼物/,以弗所书 5:1-2｜最伟大的礼物,以弗所书 5:1-2｜最伟大的礼物,2025-12-21,2025-12-21,教会讲道,教会讲道,以弗所书 5:1-2,以弗所书 5:1-2,20251221-中文P 以弗所书 5:1–2 —— 最伟大的礼物 大家早上好，欢迎来到我们的圣诞崇拜！感谢短剧团队为我们呈现圣诞故事。创造万有的上帝，竟然因为,20251221-中文P 以弗所书 5:1–2 —— 最伟大的礼物 大家早上好，欢迎来到我们的圣诞崇拜！感谢短剧团队为我们呈现圣诞故事。创造万有的上帝，竟然因为,3345,3345,
2025-12-26-哥林多后书-12-7-10-保罗身上的刺-在软弱中经历够用的恩典,2025-12-26-哥林多后书-12-7-10-保罗身上的刺-在软弱中经历够用的恩典,2025-12-26-哥林多后书-12-7-10-保罗身上的刺-在软弱中经历够用的恩典,same,src/content/posts/2025-12-26-哥林多后书-12-7-10-保罗身上的刺-在软弱中经历够用的恩典.md,https://ronniecross.com/posts/2025-12-26-哥林多后书-12-7-10-保罗身上的刺-在软弱中经历够用的恩典/,哥林多后书 12:7-10｜保罗身上的刺：在软弱中经历够用的恩典,哥林多后书 12:7-10｜保罗身上的刺：在软弱中经历够用的恩典,2025-12-26,2025-12-26,灵命成长,灵命成长,哥林多后书 12:7-10,哥林多后书 12:7-10,"保罗的刺 今天我们聚焦圣经中一个延续两千年的疑问,使徒保罗口中那根刺究竟是什么? 作为影响深远的传教士,保罗曾三次向神恳切祈求,希望除去这折磨他的痛苦,却始终得到否定的回应。 这个","保罗的刺 今天我们聚焦圣经中一个延续两千年的疑问,使徒保罗口中那根刺究竟是什么? 作为影响深远的传教士,保罗曾三次向神恳切祈求,希望除去这折磨他的痛苦,却始终得到否定的回应。 这个",8629,8629,
2026-01-04-约翰福音-8-31-36真正的自由,2026-01-04-约翰福音-8-31-36｜真正的自由,2026-01-04-约翰福音-8-31-36真正的自由,same,src/content/posts/2026-01-04-约翰福音-8-31-36｜真正的自由.md,https://ronniecross.com/posts/2026-01-04-约翰福音-8-31-36真正的自由/,约翰福音 8:31-36｜真正的自由,约翰福音 8:31-36｜真正的自由,2026-01-04,2026-01-04,教会讲道,教会讲道,约翰福音 8:31-36,约翰福音 8:31-36,20260104-中文P 约翰福音 8：31–36 真正的自由 大家早安，再一次祝大家新年快乐！ 在我们展望新的一年之际，今天我想和大家分享我们 2026 年的,20260104-中文P 约翰福音 8：31–36 真正的自由 大家早安，再一次祝大家新年快乐！ 在我们展望新的一年之际，今天我想和大家分享我们 2026 年的,5332,5332,
2026-01-11-罗马书-1-1-7罗马书导论,2026-01-11-罗马书-1-1-7｜罗马书导论,2026-01-11-罗马书-1-1-7罗马书导论,same,src/content/posts/2026-01-11-罗马书-1-1-7｜罗马书导论.md,https://ronniecross.com/posts/2026-01-11-罗马书-1-1-7罗马书导论/,罗马书 1:1-7｜罗马书导论,罗马书 1:1-7｜罗马书导论,2026-01-11,2026-01-11,教会讲道,教会讲道,罗马书 1:1-7,罗马书 1:1-7,20260111-中文P 罗马书 1：1–7 罗马书导论 大家早上好。今天我非常兴奋地开始我们关于《罗马书》的新系列讲道。我预计这个系列会一直持续到初夏，当然也,20260111-中文P 罗马书 1：1–7 罗马书导论 大家早上好。今天我非常兴奋地开始我们关于《罗马书》的新系列讲道。我预计这个系列会一直持续到初夏，当然也,5155,5155,
2026-01-18-罗马书-1-16-32经文讲解,2026-01-18-罗马书-1-16-32｜经文讲解,2026-01-18-罗马书-1-16-32经文讲解,same,src/content/posts/2026-01-18-罗马书-1-16-32｜经文讲解.md,https://ronniecross.com/posts/2026-01-18-罗马书-1-16-32经文讲解/,罗马书 1:16-32｜经文讲解,罗马书 1:16-32｜经文讲解,2026-01-18,2026-01-18,教会讲道,教会讲道,罗马书 1:16-32,罗马书 1:16-32,20260118-中文P 罗马书 1：16–32 大家早上好！今天我们继续《罗马书》的系列讲道——《神的福音》。 什么是这好消息？它应当如何影响我们的生命？这正,20260118-中文P 罗马书 1：16–32 大家早上好！今天我们继续《罗马书》的系列讲道——《神的福音》。 什么是这好消息？它应当如何影响我们的生命？这正,5737,5737,
2026-01-24-创世记-14-13-32-28-希伯来人以色列人与犹太人-名称与历史脉络,2026-01-24-创世记-14-13-32-28-希伯来人、以色列人与犹太人-名称与历史脉络,2026-01-24-创世记-14-13-32-28-希伯来人以色列人与犹太人-名称与历史脉络,same,src/content/posts/2026-01-24-创世记-14-13-32-28-希伯来人、以色列人与犹太人-名称与历史脉络.md,https://ronniecross.com/posts/2026-01-24-创世记-14-13-32-28-希伯来人以色列人与犹太人-名称与历史脉络/,创世记 14:13；32:28｜希伯来人、以色列人与犹太人：名称与历史脉络,创世记 14:13；32:28｜希伯来人、以色列人与犹太人：名称与历史脉络,2026-01-24,2026-01-24,灵命成长,灵命成长,创世记 14:13；32:28,创世记 14:13；32:28,"希伯来人,以色列人和犹太人 今天我们来一起了解一下希伯来人,以色列人和犹太人。这三个词贯穿了整本圣经,有时候看起来好像能互换着用,有时候却又带着特别具体的含义。 说实话,如今大多数","希伯来人,以色列人和犹太人 今天我们来一起了解一下希伯来人,以色列人和犹太人。这三个词贯穿了整本圣经,有时候看起来好像能互换着用,有时候却又带着特别具体的含义。 说实话,如今大多数",8882,8882,
2026-01-25-罗马书-2自以为义的人被定罪,2026-01-25-罗马书-2｜自以为义的人被定罪,2026-01-25-罗马书-2自以为义的人被定罪,same,src/content/posts/2026-01-25-罗马书-2｜自以为义的人被定罪.md,https://ronniecross.com/posts/2026-01-25-罗马书-2自以为义的人被定罪/,罗马书 2｜自以为义的人被定罪,罗马书 2｜自以为义的人被定罪,2026-01-25,2026-01-25,教会讲道,教会讲道,罗马书 2,罗马书 2,20260125-中文P 罗马书第二章：自以为义的人被定罪 大家早安！今天我们在“罗马书：神的福音”这一系列中，继续来看《罗马书》第二章。上周我们提到，罗马书前,20260125-中文P 罗马书第二章：自以为义的人被定罪 大家早安！今天我们在“罗马书：神的福音”这一系列中，继续来看《罗马书》第二章。上周我们提到，罗马书前,6217,6217,
2026-02-01-罗马书-3-1-20经文讲解,2026-02-01-罗马书-3-1-20｜经文讲解,2026-02-01-罗马书-3-1-20经文讲解,same,src/content/posts/2026-02-01-罗马书-3-1-20｜经文讲解.md,https://ronniecross.com/posts/2026-02-01-罗马书-3-1-20经文讲解/,罗马书 3:1-20｜经文讲解,罗马书 3:1-20｜经文讲解,2026-02-01,2026-02-01,教会讲道,教会讲道,罗马书 3:1-20,罗马书 3:1-20,20260201-中文P 罗马书3：1–20 大家早安！今天我继续《罗马书》的系列，来谈论神的福音。 还记得吗？我们目前正处在“博物馆展厅”的第一展厅（罗马书 ,20260201-中文P 罗马书3：1–20 大家早安！今天我继续《罗马书》的系列，来谈论神的福音。 还记得吗？我们目前正处在“博物馆展厅”的第一展厅（罗马书 ,6831,6831,
2026-02-08-罗马书-3-21-31因信称义,2026-02-08-罗马书-3-21-31｜因信称义,2026-02-08-罗马书-3-21-31因信称义,same,src/content/posts/2026-02-08-罗马书-3-21-31｜因信称义.md,https://ronniecross.com/posts/2026-02-08-罗马书-3-21-31因信称义/,罗马书 3:21-31｜因信称义,罗马书 3:21-31｜因信称义,2026-02-08,2026-02-08,教会讲道,教会讲道,罗马书 3:21-31,罗马书 3:21-31,20260208-中文P 罗马书 3：21–31｜因信称义 大家早安！今天我们继续《罗马书》的系列，一同探讨福音信息的支柱。那么，这些支柱是什么呢？我们之前说过,20260208-中文P 罗马书 3：21–31｜因信称义 大家早安！今天我们继续《罗马书》的系列，一同探讨福音信息的支柱。那么，这些支柱是什么呢？我们之前说过,5830,5830,
2026-02-15-罗马书-4像亚伯拉罕一样的信心,2026-02-15-罗马书-4｜像亚伯拉罕一样的信心,2026-02-15-罗马书-4像亚伯拉罕一样的信心,same,src/content/posts/2026-02-15-罗马书-4｜像亚伯拉罕一样的信心.md,https://ronniecross.com/posts/2026-02-15-罗马书-4像亚伯拉罕一样的信心/,罗马书 4｜像亚伯拉罕一样的信心,罗马书 4｜像亚伯拉罕一样的信心,2026-02-15,2026-02-15,教会讲道,教会讲道,罗马书 4,罗马书 4,20260215-中文P 罗马书第4章：像亚伯拉罕一样的信心 大家早安。今天我们继续查考《罗马书》系列，来到第4章。[幻灯片] 上周我们进入了关于“神的福音”这,20260215-中文P 罗马书第4章：像亚伯拉罕一样的信心 大家早安。今天我们继续查考《罗马书》系列，来到第4章。[幻灯片] 上周我们进入了关于“神的福音”这,5033,5033,
2026-02-21-路加福音-15-25-32-大儿子的比喻-隐藏在顺服外表下的疏离,2026-02-21-路加福音-15-25-32-大儿子的比喻-隐藏在顺服外表下的疏离,2026-02-21-路加福音-15-25-32-大儿子的比喻-隐藏在顺服外表下的疏离,same,src/content/posts/2026-02-21-路加福音-15-25-32-大儿子的比喻-隐藏在顺服外表下的疏离.md,https://ronniecross.com/posts/2026-02-21-路加福音-15-25-32-大儿子的比喻-隐藏在顺服外表下的疏离/,路加福音 15:25-32｜大儿子的比喻：隐藏在顺服外表下的疏离,路加福音 15:25-32｜大儿子的比喻：隐藏在顺服外表下的疏离,2026-02-21,2026-02-21,灵命成长,灵命成长,路加福音 15:25-32,路加福音 15:25-32,"大儿子的比喻 大家一定听说过浪子回头的比喻。 但是大多数人只聚焦于挥霍家产,沦落猪圈后悔改的小儿子。 将其视为罪人归正的典型,却忽略了耶稣讲述这个比喻的原始场景与真正目标。 耶稣讲","大儿子的比喻 大家一定听说过浪子回头的比喻。 但是大多数人只聚焦于挥霍家产,沦落猪圈后悔改的小儿子。 将其视为罪人归正的典型,却忽略了耶稣讲述这个比喻的原始场景与真正目标。 耶稣讲",8925,8925,
2026-02-22-罗马书-5-1-11在基督里得以和好,2026-02-22-罗马书-5-1-11｜在基督里得以和好,2026-02-22-罗马书-5-1-11在基督里得以和好,same,src/content/posts/2026-02-22-罗马书-5-1-11｜在基督里得以和好.md,https://ronniecross.com/posts/2026-02-22-罗马书-5-1-11在基督里得以和好/,罗马书 5:1-11｜在基督里得以和好,罗马书 5:1-11｜在基督里得以和好,2026-02-22,2026-02-22,教会讲道,教会讲道,罗马书 5:1-11,罗马书 5:1-11,20260222-中文P 罗马书 5：1-11 在基督里得以和好 大家早安！今天我们继续罗马书系列的信息，来到第五章。我们正进入罗马书博物馆中的一个新展厅——“,20260222-中文P 罗马书 5：1-11 在基督里得以和好 大家早安！今天我们继续罗马书系列的信息，来到第五章。我们正进入罗马书博物馆中的一个新展厅——“,4812,4812,
2026-03-01-罗马书-5-12-21恩典掌权,2026-03-01-罗马书-5-12-21｜恩典掌权,2026-03-01-罗马书-5-12-21恩典掌权,same,src/content/posts/2026-03-01-罗马书-5-12-21｜恩典掌权.md,https://ronniecross.com/posts/2026-03-01-罗马书-5-12-21恩典掌权/,罗马书 5:12-21｜恩典掌权,罗马书 5:12-21｜恩典掌权,2026-03-01,2026-03-01,教会讲道,教会讲道,罗马书 5:12-21,罗马书 5:12-21,20260301-中文P 罗马书 5：12–21 恩典掌权 大家早上好！今天我们继续《罗马书》系列，来看第5章的后半部分。[幻灯片] 在我们的“罗马书——上帝福,20260301-中文P 罗马书 5：12–21 恩典掌权 大家早上好！今天我们继续《罗马书》系列，来看第5章的后半部分。[幻灯片] 在我们的“罗马书——上帝福,4758,4758,
2026-03-08-罗马书-6-1-14向罪死-在基督里活,2026-03-08-罗马书-6-1-14｜向罪死-在基督里活,2026-03-08-罗马书-6-1-14向罪死-在基督里活,same,src/content/posts/2026-03-08-罗马书-6-1-14｜向罪死-在基督里活.md,https://ronniecross.com/posts/2026-03-08-罗马书-6-1-14向罪死-在基督里活/,罗马书 6:1-14｜向罪死，在基督里活,罗马书 6:1-14｜向罪死，在基督里活,2026-03-08,2026-03-08,教会讲道,教会讲道,罗马书 6:1-14,罗马书 6:1-14,20260308-中文P 罗马书 6：1–14 向罪死，在基督里活 大家早上好！今天我们继续《罗马书》系列的信息，进入第六章。到目前为止，我们一直在谈福音的几个,20260308-中文P 罗马书 6：1–14 向罪死，在基督里活 大家早上好！今天我们继续《罗马书》系列的信息，进入第六章。到目前为止，我们一直在谈福音的几个,5186,5186,
2026-03-15-罗马书-6-15-23在恩典之下,2026-03-15-罗马书-6-15-23｜在恩典之下,2026-03-15-罗马书-6-15-23在恩典之下,same,src/content/posts/2026-03-15-罗马书-6-15-23｜在恩典之下.md,https://ronniecross.com/posts/2026-03-15-罗马书-6-15-23在恩典之下/,罗马书 6:15-23｜在恩典之下,罗马书 6:15-23｜在恩典之下,2026-03-15,2026-03-15,教会讲道,教会讲道,罗马书 6:15-23,罗马书 6:15-23,20260315-中文P 罗马书 6:15–23 在恩典之下 大家早上好！我们正在进行一系列关于《罗马书》的讲道，探索福音信息的根基。[幻灯片] 今天我们仍然在,20260315-中文P 罗马书 6:15–23 在恩典之下 大家早上好！我们正在进行一系列关于《罗马书》的讲道，探索福音信息的根基。[幻灯片] 今天我们仍然在,6153,6153,
2026-03-21-马太福音-25-1-13-十个童女的比喻-警醒预备等候主,2026-03-21-马太福音-25-1-13-十个童女的比喻-警醒预备等候主,2026-03-21-马太福音-25-1-13-十个童女的比喻-警醒预备等候主,same,src/content/posts/2026-03-21-马太福音-25-1-13-十个童女的比喻-警醒预备等候主.md,https://ronniecross.com/posts/2026-03-21-马太福音-25-1-13-十个童女的比喻-警醒预备等候主/,马太福音 25:1-13｜十个童女的比喻：警醒预备等候主,马太福音 25:1-13｜十个童女的比喻：警醒预备等候主,2026-03-21,2026-03-21,灵命成长,灵命成长,马太福音 25:1-13,马太福音 25:1-13,"聪明的童女 今天我们要一起学习十个童女的比喻。马太福音25:1-13 这个比喻也经常让一些人疑惑,聪明的童女明明见死不救,拒绝把油分给愚拙的同伴,最终却被接纳进入婚宴,反而被视为聪","聪明的童女 今天我们要一起学习十个童女的比喻。马太福音25:1-13 这个比喻也经常让一些人疑惑,聪明的童女明明见死不救,拒绝把油分给愚拙的同伴,最终却被接纳进入婚宴,反而被视为聪",8039,8039,
2026-03-22-罗马书-7-14-20经文讲解,2026-03-22-罗马书-7-14-20｜经文讲解,2026-03-22-罗马书-7-14-20经文讲解,same,src/content/posts/2026-03-22-罗马书-7-14-20｜经文讲解.md,https://ronniecross.com/posts/2026-03-22-罗马书-7-14-20经文讲解/,罗马书 7:14-20｜经文讲解,罗马书 7:14-20｜经文讲解,2026-03-22,2026-03-22,教会讲道,教会讲道,罗马书 7:14-20,罗马书 7:14-20,20260322-中文G 罗马书 7:14–20 早安，教会的弟兄姐妹们，很高兴今天早上能和大家在一起，一同进入《罗马书》第7章。 （幻灯片）如果我们把《罗马书,20260322-中文G 罗马书 7:14–20 早安，教会的弟兄姐妹们，很高兴今天早上能和大家在一起，一同进入《罗马书》第7章。 （幻灯片）如果我们把《罗马书,5223,5223,
2026-03-29-马太福音-27-15-26伟大的交换,2026-03-29-马太福音-27-15-26｜伟大的交换,2026-03-29-马太福音-27-15-26伟大的交换,same,src/content/posts/2026-03-29-马太福音-27-15-26｜伟大的交换.md,https://ronniecross.com/posts/2026-03-29-马太福音-27-15-26伟大的交换/,马太福音 27:15-26｜伟大的交换,马太福音 27:15-26｜伟大的交换,2026-03-29,2026-03-29,教会讲道,教会讲道,马太福音 27:15-26,马太福音 27:15-26,20260329-中文P 马太福音 27:15–26｜伟大的交换 大家早上好！今天我们暂时从《罗马书》的系列讲道中停一下，为复活节做预备！为了迎接下周耶稣的复活,20260329-中文P 马太福音 27:15–26｜伟大的交换 大家早上好！今天我们暂时从《罗马书》的系列讲道中停一下，为复活节做预备！为了迎接下周耶稣的复活,4632,4632,
2026-04-05-创世记-48-13-20-雅各交叉双手祝福-神的主权超越人的次序,2026-04-05-创世记-48-13-20-雅各交叉双手祝福-神的主权超越人的次序,2026-04-05-创世记-48-13-20-雅各交叉双手祝福-神的主权超越人的次序,same,src/content/posts/2026-04-05-创世记-48-13-20-雅各交叉双手祝福-神的主权超越人的次序.md,https://ronniecross.com/posts/2026-04-05-创世记-48-13-20-雅各交叉双手祝福-神的主权超越人的次序/,创世记 48:13-20｜雅各交叉双手祝福：神的主权超越人的次序,创世记 48:13-20｜雅各交叉双手祝福：神的主权超越人的次序,2026-04-05,2026-04-05,灵命成长,灵命成长,创世记 48:13-20,创世记 48:13-20,"雅各交叉双手 创世记第48章 今天我们要讨论一个圣经中被忽略的细节,这是一个关于临终祝福的故事,却藏着一个改变人类命运的秘密。大家是否曾有过这样的疑问,为什么在圣经的叙事中,那位全","雅各交叉双手 创世记第48章 今天我们要讨论一个圣经中被忽略的细节,这是一个关于临终祝福的故事,却藏着一个改变人类命运的秘密。大家是否曾有过这样的疑问,为什么在圣经的叙事中,那位全",9983,9983,
2026-04-05-约翰福音-11-25-26耶稣是我们的盼望,2026-04-05-约翰福音-11-25-26｜耶稣是我们的盼望,2026-04-05-约翰福音-11-25-26耶稣是我们的盼望,same,src/content/posts/2026-04-05-约翰福音-11-25-26｜耶稣是我们的盼望.md,https://ronniecross.com/posts/2026-04-05-约翰福音-11-25-26耶稣是我们的盼望/,约翰福音 11:25-26｜耶稣是我们的盼望,约翰福音 11:25-26｜耶稣是我们的盼望,2026-04-05,2026-04-05,教会讲道,教会讲道,约翰福音 11:25-26,约翰福音 11:25-26,20260405-中文P 约翰福音 11:25-26 —— 耶稣是我们的盼望 【预备物品：气球、别针、胶带、签子、油脂】 大家早上好，复活节快乐！ 复活节关乎“,20260405-中文P 约翰福音 11:25-26 —— 耶稣是我们的盼望 【预备物品：气球、别针、胶带、签子、油脂】 大家早上好，复活节快乐！ 复活节关乎“,3283,3283,
2026-04-12-罗马书-8-1-4-12-17被圣灵收养,2026-04-12-罗马书-8-1-4-12-17｜被圣灵收养,2026-04-12-罗马书-8-1-4-12-17被圣灵收养,same,src/content/posts/2026-04-12-罗马书-8-1-4-12-17｜被圣灵收养.md,https://ronniecross.com/posts/2026-04-12-罗马书-8-1-4-12-17被圣灵收养/,罗马书 8:1-4;12-17｜被圣灵收养,罗马书 8:1-4;12-17｜被圣灵收养,2026-04-12,2026-04-12,教会讲道,教会讲道,罗马书 8:1-4;12-17,罗马书 8:1-4;12-17,20260412-中文P 罗马书 8:1-4；12-17 —— 被圣灵收养 大家早安！今天我们继续《罗马书》的系列，进入第8章，这是圣经中最令人惊叹的章节之一。,20260412-中文P 罗马书 8:1-4；12-17 —— 被圣灵收养 大家早安！今天我们继续《罗马书》的系列，进入第8章，这是圣经中最令人惊叹的章节之一。,4656,4656,
2026-04-19-罗马书-8-18-28在苦难中的盼望,2026-04-19-罗马书-8-18-28｜在苦难中的盼望,2026-04-19-罗马书-8-18-28在苦难中的盼望,same,src/content/posts/2026-04-19-罗马书-8-18-28｜在苦难中的盼望.md,https://ronniecross.com/posts/2026-04-19-罗马书-8-18-28在苦难中的盼望/,罗马书 8:18-28｜在苦难中的盼望,罗马书 8:18-28｜在苦难中的盼望,2026-04-19,2026-04-19,教会讲道,教会讲道,罗马书 8:18-28,罗马书 8:18-28,20260419-中文P 罗马书 8:18–28 在苦难中的盼望 大家早上好！今天我们继续查考罗马书第8章。罗马书第8章非常精彩，我们为这一章一共安排了三次讲道,20260419-中文P 罗马书 8:18–28 在苦难中的盼望 大家早上好！今天我们继续查考罗马书第8章。罗马书第8章非常精彩，我们为这一章一共安排了三次讲道,4670,4670,
2026-04-26-罗马书-8-31-39那位不可忘记的神,2026-04-26-罗马书-8-31-39｜那位不可忘记的神,2026-04-26-罗马书-8-31-39那位不可忘记的神,same,src/content/posts/2026-04-26-罗马书-8-31-39｜那位不可忘记的神.md,https://ronniecross.com/posts/2026-04-26-罗马书-8-31-39那位不可忘记的神/,罗马书 8:31-39｜那位不可忘记的神,罗马书 8:31-39｜那位不可忘记的神,2026-04-26,2026-04-26,教会讲道,教会讲道,罗马书 8:31-39,罗马书 8:31-39,20260426-中文P 罗马书 8:31-39 —— 那位不可忘记的神 大家早上好。今天我们要完成《罗马书》前半部分的学习，把目光放在第8章的高潮。在第1到第,20260426-中文P 罗马书 8:31-39 —— 那位不可忘记的神 大家早上好。今天我们要完成《罗马书》前半部分的学习，把目光放在第8章的高潮。在第1到第,5020,5020,
2026-05-03-罗马书-9-14-24陶匠与泥土,2026-05-03-罗马书-9-14-24｜陶匠与泥土,2026-05-03-罗马书-9-14-24陶匠与泥土,same,src/content/posts/2026-05-03-罗马书-9-14-24｜陶匠与泥土.md,https://ronniecross.com/posts/2026-05-03-罗马书-9-14-24陶匠与泥土/,罗马书 9:14-24｜陶匠与泥土,罗马书 9:14-24｜陶匠与泥土,2026-05-03,2026-05-03,教会讲道,教会讲道,罗马书 9:14-24,罗马书 9:14-24,20260503-中文P 罗马书 9:14-24 —— 陶匠与泥土 大家早上好！今天我们要进入《罗马书》的后半部分，从第九章开始。 过去这段时间，我们一路走过“,20260503-中文P 罗马书 9:14-24 —— 陶匠与泥土 大家早上好！今天我们要进入《罗马书》的后半部分，从第九章开始。 过去这段时间，我们一路走过“,6202,6202,
2026-05-10-罗马书-9-30-10-21经文讲解,2026-05-10-罗马书-9-30-10-21｜经文讲解,2026-05-10-罗马书-9-30-10-21经文讲解,same,src/content/posts/2026-05-10-罗马书-9-30-10-21｜经文讲解.md,https://ronniecross.com/posts/2026-05-10-罗马书-9-30-10-21经文讲解/,罗马书 9:30-10:21｜经文讲解,罗马书 9:30-10:21｜经文讲解,2026-05-10,2026-05-10,教会讲道,教会讲道,罗马书 9:30-10:21,罗马书 9:30-10:21,20260510-中文A 大家早上好！让我们一起打开圣经。 我叫Akira，今天Patrick会为我做翻译。谢谢你的帮助。 目前，我们教会正在查考《罗马书》。到,20260510-中文A 大家早上好！让我们一起打开圣经。 我叫Akira，今天Patrick会为我做翻译。谢谢你的帮助。 目前，我们教会正在查考《罗马书》。到,6025,6025,
2026-05-17-罗马书-11恩典拣选,2026-05-17-罗马书-11｜恩典拣选,2026-05-17-罗马书-11恩典拣选,same,src/content/posts/2026-05-17-罗马书-11｜恩典拣选.md,https://ronniecross.com/posts/2026-05-17-罗马书-11恩典拣选/,罗马书 11｜恩典拣选,罗马书 11｜恩典拣选,2026-05-17,2026-05-17,教会讲道,教会讲道,罗马书 11,罗马书 11,罗马书 11章：恩典拣选 日期：2026年5月17日 讲员：Patrick 大家早上好！今天我们继续罗马书系列，来到第 11 章。[幻灯片：庭院/花园] 这是保,罗马书 11章：恩典拣选 日期：2026年5月17日 讲员：Patrick 大家早上好！今天我们继续罗马书系列，来到第 11 章。[幻灯片：庭院/花园] 这是保,5662,5662,
2026-05-24-罗马书-12-1-8活出福音,2026-05-24-罗马书-12-1-8｜活出福音,2026-05-24-罗马书-12-1-8活出福音,same,src/content/posts/2026-05-24-罗马书-12-1-8｜活出福音.md,https://ronniecross.com/posts/2026-05-24-罗马书-12-1-8活出福音/,罗马书 12:1-8｜活出福音,罗马书 12:1-8｜活出福音,2026-05-24,2026-05-24,教会讲道,教会讲道,罗马书 12:1-8,罗马书 12:1-8,罗马书 12:1-8：活出福音 日期：2026年5月24日 讲员：Patrick 大家早上好！我们继续罗马书系列。今天我们进入罗马书最后一个部分，第 12-16,罗马书 12:1-8：活出福音 日期：2026年5月24日 讲员：Patrick 大家早上好！我们继续罗马书系列。今天我们进入罗马书最后一个部分，第 12-16,5722,5722,
2026-05-31-罗马书-12-9-21真诚的爱,2026-05-31-罗马书-12-9-21｜真诚的爱,2026-05-31-罗马书-12-9-21真诚的爱,same,src/content/posts/2026-05-31-罗马书-12-9-21｜真诚的爱.md,https://ronniecross.com/posts/2026-05-31-罗马书-12-9-21真诚的爱/,罗马书 12:9-21｜真诚的爱,罗马书 12:9-21｜真诚的爱,2026-05-31,2026-05-31,教会讲道,教会讲道,罗马书 12:9-21,罗马书 12:9-21,罗马书 12:9-21：真诚的爱 日期：2026年5月31日 讲员：Patrick 大家早上好！今天我们在罗马书系列中来看第 12 章的第二部分。[幻灯片] 提,罗马书 12:9-21：真诚的爱 日期：2026年5月31日 讲员：Patrick 大家早上好！今天我们在罗马书系列中来看第 12 章的第二部分。[幻灯片] 提,4709,4709,
2026-06-05-箴言-30-1-9-不贫穷也不富足-亚古珥关于知足的祷告,2026-06-05-箴言-30-1-9-不贫穷也不富足-亚古珥关于知足的祷告,2026-06-05-箴言-30-1-9-不贫穷也不富足-亚古珥关于知足的祷告,same,src/content/posts/2026-06-05-箴言-30-1-9-不贫穷也不富足-亚古珥关于知足的祷告.md,https://ronniecross.com/posts/2026-06-05-箴言-30-1-9-不贫穷也不富足-亚古珥关于知足的祷告/,箴言 30:1-9｜不贫穷也不富足：亚古珥关于知足的祷告,箴言 30:1-9｜不贫穷也不富足：亚古珥关于知足的祷告,2026-06-05,2026-06-05,灵命成长,灵命成长,箴言 30:1-9,箴言 30:1-9,"不贫穷也不富足 箴言第三十章1-9节 箴言第三十章有一个叫亚古珥的人,他向神求的两件事,其中一件是这样说的:使我也不贫穷,也不富足,赐给我需用的饮食。如果上帝站在你面前,说你可以向","不贫穷也不富足 箴言第三十章1-9节 箴言第三十章有一个叫亚古珥的人,他向神求的两件事,其中一件是这样说的:使我也不贫穷,也不富足,赐给我需用的饮食。如果上帝站在你面前,说你可以向",10341,10341,
2026-06-07-罗马书-13-1-14社会中的福音,2026-06-07-罗马书-13-1-14｜社会中的福音,2026-06-07-罗马书-13-1-14社会中的福音,same,src/content/posts/2026-06-07-罗马书-13-1-14｜社会中的福音.md,https://ronniecross.com/posts/2026-06-07-罗马书-13-1-14社会中的福音/,罗马书 13:1-14｜社会中的福音,罗马书 13:1-14｜社会中的福音,2026-06-07,2026-06-07,教会讲道,教会讲道,罗马书 13:1-14,罗马书 13:1-14,罗马书 13:1-14：社会中的福音 日期：2026年6月7日 讲员：Patrick 大家早上好！今天我们继续罗马书系列，来看第 13 章。提醒一下，罗马书第 ,罗马书 13:1-14：社会中的福音 日期：2026年6月7日 讲员：Patrick 大家早上好！今天我们继续罗马书系列，来看第 13 章。提醒一下，罗马书第 ,4693,4693,
2026-06-11-以弗所书-6-11-魔鬼的诡计-如何识别并抵挡属灵欺骗,2026-06-11-以弗所书-6-11-魔鬼的诡计-如何识别并抵挡属灵欺骗,2026-06-11-以弗所书-6-11-魔鬼的诡计-如何识别并抵挡属灵欺骗,same,src/content/posts/2026-06-11-以弗所书-6-11-魔鬼的诡计-如何识别并抵挡属灵欺骗.md,https://ronniecross.com/posts/2026-06-11-以弗所书-6-11-魔鬼的诡计-如何识别并抵挡属灵欺骗/,以弗所书 6:11｜魔鬼的诡计：如何识别并抵挡属灵欺骗,以弗所书 6:11｜魔鬼的诡计：如何识别并抵挡属灵欺骗,2026-06-11,2026-06-11,灵命成长,灵命成长,以弗所书 6:10-18,以弗所书 6:10-18,魔鬼的诡计包括欺骗、试探、控告和制造混乱。信徒不必恐惧，也不应过度关注敌人，而要顺服神、持守真理、穿戴全副军装并恒切祷告。,魔鬼的诡计包括欺骗、试探、控告和制造混乱。信徒不必恐惧，也不应过度关注敌人，而要顺服神、持守真理、穿戴全副军装并恒切祷告。,2336,2336,
2026-06-11-帖撒罗尼迦前书-2-13-神的话如何在信徒里面运行,2026-06-11-帖撒罗尼迦前书-2-13-神的话如何在信徒里面运行,2026-06-11-帖撒罗尼迦前书-2-13-神的话如何在信徒里面运行,same,src/content/posts/2026-06-11-帖撒罗尼迦前书-2-13-神的话如何在信徒里面运行.md,https://ronniecross.com/posts/2026-06-11-帖撒罗尼迦前书-2-13-神的话如何在信徒里面运行/,帖撒罗尼迦前书 2:13｜神的话如何在信徒里面运行,帖撒罗尼迦前书 2:13｜神的话如何在信徒里面运行,2026-06-11,2026-06-11,灵命成长,灵命成长,帖撒罗尼迦前书 2:13,帖撒罗尼迦前书 2:13,神的话不只是供人阅读的文字，更借着圣灵在信徒心中工作，使人认识罪与恩典、明白福音、生命成长，并渐渐活出基督的样式。,神的话不只是供人阅读的文字，更借着圣灵在信徒心中工作，使人认识罪与恩典、明白福音、生命成长，并渐渐活出基督的样式。,2413,2413,
2026-06-11-马太福音-16-24-背起自己的十字架-舍己并跟随耶稣,2026-06-11-马太福音-16-24-背起自己的十字架-舍己并跟随耶稣,2026-06-11-马太福音-16-24-背起自己的十字架-舍己并跟随耶稣,same,src/content/posts/2026-06-11-马太福音-16-24-背起自己的十字架-舍己并跟随耶稣.md,https://ronniecross.com/posts/2026-06-11-马太福音-16-24-背起自己的十字架-舍己并跟随耶稣/,马太福音 16:24｜背起自己的十字架：舍己并跟随耶稣,马太福音 16:24｜背起自己的十字架：舍己并跟随耶稣,2026-06-11,2026-06-11,灵命成长,灵命成长,马太福音 16:24-26,马太福音 16:24-26,耶稣所说的“背起十字架”，不是消极忍受生活中的不顺，而是舍弃自我作主，把基督放在生命首位，并甘心承担跟随祂的代价。,耶稣所说的“背起十字架”，不是消极忍受生活中的不顺，而是舍弃自我作主，把基督放在生命首位，并甘心承担跟随祂的代价。,1913,1913,
2026-06-14-罗马书-14-1-23你属于哪个国度,2026-06-14-罗马书-14-1-23｜你属于哪个国度？,2026-06-14-罗马书-14-1-23你属于哪个国度,same,src/content/posts/2026-06-14-罗马书-14-1-23｜你属于哪个国度？.md,https://ronniecross.com/posts/2026-06-14-罗马书-14-1-23你属于哪个国度/,罗马书 14:1-23｜你属于哪个国度？,罗马书 14:1-23｜你属于哪个国度？,2026-06-14,2026-06-14,教会讲道,教会讲道,罗马书 14:1-23,罗马书 14:1-23,罗马书 14:1-23：你属于哪个国度？ 日期：2026年6月14日 讲员：Akira 经文：罗马书 14:1-23 今天的信息题目是：“你属于哪个国度？”,罗马书 14:1-23：你属于哪个国度？ 日期：2026年6月14日 讲员：Akira 经文：罗马书 14:1-23 今天的信息题目是：“你属于哪个国度？”,6026,6026,
2026-06-14-马太福音-13-24-30-麦子和稗子的比喻-等候神最终的审判,2026-06-14-马太福音-13-24-30-麦子和稗子的比喻-等候神最终的审判,2026-06-14-马太福音-13-24-30-麦子和稗子的比喻-等候神最终的审判,same,src/content/posts/2026-06-14-马太福音-13-24-30-麦子和稗子的比喻-等候神最终的审判.md,https://ronniecross.com/posts/2026-06-14-马太福音-13-24-30-麦子和稗子的比喻-等候神最终的审判/,马太福音 13:24-30｜麦子和稗子的比喻：等候神最终的审判,马太福音 13:24-30｜麦子和稗子的比喻：等候神最终的审判,2026-06-14,2026-06-14,灵命成长,灵命成长,马太福音 13:24-30,马太福音 13:24-30,耶稣借麦子和稗子的比喻说明善恶暂时并存、最终审判属于神，并呼召信徒忠心成长、结出生命的果子。,耶稣借麦子和稗子的比喻说明善恶暂时并存、最终审判属于神，并呼召信徒忠心成长、结出生命的果子。,3338,3338,
2026-06-21-romans-15-1-13-gospel-harmony,2026-06-21-romans-15-1-13-gospel-harmony,2026-06-21-romans-15-1-13-gospel-harmony,same,src/content/posts/2026-06-21-romans-15-1-13-gospel-harmony.md,https://ronniecross.com/posts/2026-06-21-romans-15-1-13-gospel-harmony/,罗马书 15:1-13｜福音带来的和谐,罗马书 15:1-13｜福音带来的和谐,2026-06-21,2026-06-21,教会讲道,教会讲道,罗马书 15:1-13,罗马书 15:1-13,Patrick 分享罗马书 15:1-13，说明真正的和谐不是同调，而是在耶稣里以忍耐、接纳和盼望彼此相爱。,Patrick 分享罗马书 15:1-13，说明真正的和谐不是同调，而是在耶稣里以忍耐、接纳和盼望彼此相爱。,5354,5354,
2026-06-27-以弗所书-28-9耶稣为什么行神迹,2026-06-27-以弗所书-28-9耶稣为什么行神迹,2026-06-27-以弗所书-28-9耶稣为什么行神迹,same,src/content/posts/2026-06-27-以弗所书-28-9耶稣为什么行神迹.md,https://ronniecross.com/posts/2026-06-27-以弗所书-28-9耶稣为什么行神迹/,以弗所书 2:8-9｜耶稣为什么行神迹？,以弗所书 2:8-9｜耶稣为什么行神迹？,2026-06-27,2026-06-27,灵命成长,灵命成长,以弗所书 2:8-9,以弗所书 2:8-9,我们常常难以相信神迹。首先，我们生活在一个充满破碎和败坏的世界，痛苦、悲剧、背叛等已成为我们与他人生活中的常态。其次，现代文化采纳了一种“伪科学”的观念，部分地将相信超自然的现象描绘为无知。他们宣称凡事都有科学解释，因此科学界也笃信神迹并不存在。,我们常常难以相信神迹。首先，我们生活在一个充满破碎和败坏的世界，痛苦、悲剧、背叛等已成为我们与他人生活中的常态。其次，现代文化采纳了一种“伪科学”的观念，部分地将相信超自然的现象描绘为无知。他们宣称凡事都有科学解释，因此科学界也笃信神迹并不存在。,3279,3279,
2026-06-28-romans-15-14-33-gospel-reminder,2026-06-28-romans-15-14-33-gospel-reminder,2026-06-28-romans-15-14-33-gospel-reminder,same,src/content/posts/2026-06-28-romans-15-14-33-gospel-reminder.md,https://ronniecross.com/posts/2026-06-28-romans-15-14-33-gospel-reminder/,罗马书 15:14-33｜福音的提醒,罗马书 15:14-33｜福音的提醒,2026-06-28,2026-06-28,教会讲道,教会讲道,罗马书 15:14-33,罗马书 15:14-33,Patrick 分享罗马书 15:14-33，提醒我们不断记念福音，并让福音塑造我们作见证、奉献和祷告的生命。,Patrick 分享罗马书 15:14-33，提醒我们不断记念福音，并让福音塑造我们作见证、奉献和祷告的生命。,4881,4881,
2026-06-30-acts-26-14-kick-against-the-goads,2026-06-30-acts-26-14-kick-against-the-goads,2026-06-30-acts-26-14-kick-against-the-goads,same,src/content/posts/2026-06-30-acts-26-14-kick-against-the-goads.md,https://ronniecross.com/posts/2026-06-30-acts-26-14-kick-against-the-goads/,使徒行传 26:14｜当人抗拒神的引导,使徒行传 26:14｜当人抗拒神的引导,2026-06-30,2026-06-30,灵命成长,灵命成长,使徒行传 26:14,使徒行传 26:14,本文从扫罗在大马士革路上的转变出发，解释“踢刺”这一圣经表达如何提醒人停止抗拒神的引导，转向基督里的生命道路。,本文从扫罗在大马士革路上的转变出发，解释“踢刺”这一圣经表达如何提醒人停止抗拒神的引导，转向基督里的生命道路。,3126,3126,
