priority,category,recovery_target,impacted_count,impacted_articles,recommended_action,recommended_search_location,status,note
P0,missing_share_raw,data/raw/分享/神的话语如何在信徒里面运行？.txt,2,data/processed/整理后的分享文章/2026-06-11-帖撒罗尼迦前书-2-13-神的话如何在信徒里面运行.md | src/content/posts/2026-06-11-帖撒罗尼迦前书-2-13-神的话如何在信徒里面运行.md,recover_raw_file_or_manual_review,"C:/Users/caoyi/Projects/讲道整理, \\RonnieNAS\tmp\分享, old ChatGPT/Codex export folders",not_recovered,Share article source is missing under data/raw/分享.
P0,missing_share_raw,data/raw/分享/圣经所说的“魔鬼的诡计”是什么意思？.txt,2,data/processed/整理后的分享文章/2026-06-11-以弗所书-6-11-魔鬼的诡计-如何识别并抵挡属灵欺骗.md | src/content/posts/2026-06-11-以弗所书-6-11-魔鬼的诡计-如何识别并抵挡属灵欺骗.md,recover_raw_file_or_manual_review,"C:/Users/caoyi/Projects/讲道整理, \\RonnieNAS\tmp\分享, old ChatGPT/Codex export folders",not_recovered,Share article source is missing under data/raw/分享.
P0,missing_share_raw,data/raw/分享/耶稣叫我们“背起自己的十字架”到底是什么意思？.md,2,data/processed/整理后的分享文章/2026-06-11-马太福音-16-24-背起自己的十字架-舍己并跟随耶稣.md | src/content/posts/2026-06-11-马太福音-16-24-背起自己的十字架-舍己并跟随耶稣.md,recover_raw_file_or_manual_review,"C:/Users/caoyi/Projects/讲道整理, \\RonnieNAS\tmp\分享, old ChatGPT/Codex export folders",not_recovered,Share article source is missing under data/raw/分享.
P0,no_source,manual_source_identification,1,src/content/posts/2026-06-27-以弗所书-28-9耶稣为什么行神迹.md,manual_review,"local post history, live article, ChatGPT conversation, original source inbox",not_recovered,Article has no source field value.
P1,missing_share_docx,data/raw/分享/100不贫穷也不富足.docx,2,data/processed/整理后的分享文章/2026-06-05-箴言-30-1-9-不贫穷也不富足-亚古珥关于知足的祷告.md | src/content/posts/2026-06-05-箴言-30-1-9-不贫穷也不富足-亚古珥关于知足的祷告.md,recover_raw_file,"old share raw archive, backup, NAS share archive, previous content project",not_recovered,Legacy share article points to a docx that is not present under data/raw.
P1,missing_share_docx,data/raw/分享/114主祷文的奥秘.docx,2,data/processed/整理后的分享文章/2025-09-27-马太福音-6-9-13-主祷文-从天父关系理解祷告.md | src/content/posts/2025-09-27-马太福音-6-9-13-主祷文-从天父关系理解祷告.md,recover_raw_file,"old share raw archive, backup, NAS share archive, previous content project",not_recovered,Legacy share article points to a docx that is not present under data/raw.
P1,missing_share_docx,data/raw/分享/20220402 婚姻和教会.docx,2,data/processed/整理后的分享文章/2022-04-02-创世记-2-18-25-婚姻与教会-在盟约中学习彼此相爱.md | src/content/posts/2022-04-02-创世记-2-18-25-婚姻与教会-在盟约中学习彼此相爱.md,recover_raw_file,"old share raw archive, backup, NAS share archive, previous content project",not_recovered,Legacy share article points to a docx that is not present under data/raw.
P1,missing_share_docx,data/raw/分享/20220423_悔改.docx,2,data/processed/整理后的分享文章/2022-04-23-路加福音-24-47-悔改-蒙赦免并回转归向神.md | src/content/posts/2022-04-23-路加福音-24-47-悔改-蒙赦免并回转归向神.md,recover_raw_file,"old share raw archive, backup, NAS share archive, previous content project",not_recovered,Legacy share article points to a docx that is not present under data/raw.
P1,missing_share_docx,data/raw/分享/20220520_新人而非好人.docx,2,data/processed/整理后的分享文章/2022-05-20-约翰福音-3-1-15-成为新人-而不只是成为好人.md | src/content/posts/2022-05-20-约翰福音-3-1-15-成为新人-而不只是成为好人.md,recover_raw_file,"old share raw archive, backup, NAS share archive, previous content project",not_recovered,Legacy share article points to a docx that is not present under data/raw.
P1,missing_share_docx,data/raw/分享/20220628‗受苦的意义.docx,2,data/processed/整理后的分享文章/2022-06-28-约伯记-42-1-6-受苦的意义-从约伯的经历认识神.md | src/content/posts/2022-06-28-约伯记-42-1-6-受苦的意义-从约伯的经历认识神.md,recover_raw_file,"old share raw archive, backup, NAS share archive, previous content project",not_recovered,Legacy share article points to a docx that is not present under data/raw.
P1,missing_share_docx,data/raw/分享/20220701_重新得力的秘诀.docx,2,data/processed/整理后的分享文章/2022-07-01-马太福音-11-28-30-重新得力的秘诀-到基督里得安息.md | src/content/posts/2022-07-01-马太福音-11-28-30-重新得力的秘诀-到基督里得安息.md,recover_raw_file,"old share raw archive, backup, NAS share archive, previous content project",not_recovered,Legacy share article points to a docx that is not present under data/raw.
P1,missing_share_docx,data/raw/分享/20230503_假信仰与假平安.docx,2,data/processed/整理后的分享文章/2023-05-03-马太福音-7-15-23-假信仰与假平安-从生命果子分辨真假.md | src/content/posts/2023-05-03-马太福音-7-15-23-假信仰与假平安-从生命果子分辨真假.md,recover_raw_file,"old share raw archive, backup, NAS share archive, previous content project",not_recovered,Legacy share article points to a docx that is not present under data/raw.
P1,missing_share_docx,data/raw/分享/33为什么耶稣告诉人们“去吧，从此不要再犯罪了”？.docx,2,data/processed/整理后的分享文章/2025-08-02-约翰福音-8-1-11-去吧-从此不要再犯罪-恩典与圣洁的生命.md | src/content/posts/2025-08-02-约翰福音-8-1-11-去吧-从此不要再犯罪-恩典与圣洁的生命.md,recover_raw_file,"old share raw archive, backup, NAS share archive, previous content project",not_recovered,Legacy share article points to a docx that is not present under data/raw.
P1,missing_share_docx,data/raw/分享/43三段被误解的圣经经文，以及神真正的应许.docx,2,data/processed/整理后的分享文章/2025-08-09-罗马书-8-28等-三段常被误解的经文-在语境中理解神的应许.md | src/content/posts/2025-08-09-罗马书-8-28等-三段常被误解的经文-在语境中理解神的应许.md,recover_raw_file,"old share raw archive, backup, NAS share archive, previous content project",not_recovered,Legacy share article points to a docx that is not present under data/raw.
P1,missing_share_docx,data/raw/分享/47建在永恒根基上的生命——从两则比喻看属灵智慧.docx,2,data/processed/整理后的分享文章/2025-08-02-路加福音-16-19-31-马太福音-7-24-27-建在永恒根基上的生命-从两则比喻学习属灵智慧.md | src/content/posts/2025-08-02-路加福音-16-19-31-马太福音-7-24-27-建在永恒根基上的生命-从两则比喻学习属灵智慧.md,recover_raw_file,"old share raw archive, backup, NAS share archive, previous content project",not_recovered,Legacy share article points to a docx that is not present under data/raw.
P1,missing_share_docx,data/raw/分享/77大卫和耶稣的祷告.docx,2,data/processed/整理后的分享文章/2025-11-01-诗篇-23-1-马太福音-6-9-13-大卫与耶稣的祷告-学习信靠、敬拜与亲近神.md | src/content/posts/2025-11-01-诗篇-23-1-马太福音-6-9-13-大卫与耶稣的祷告-学习信靠、敬拜与亲近神.md,recover_raw_file,"old share raw archive, backup, NAS share archive, previous content project",not_recovered,Legacy share article points to a docx that is not present under data/raw.
P1,missing_share_docx,data/raw/分享/82保罗的刺.docx,2,data/processed/整理后的分享文章/2025-12-26-哥林多后书-12-7-10-保罗身上的刺-在软弱中经历够用的恩典.md | src/content/posts/2025-12-26-哥林多后书-12-7-10-保罗身上的刺-在软弱中经历够用的恩典.md,recover_raw_file,"old share raw archive, backup, NAS share archive, previous content project",not_recovered,Legacy share article points to a docx that is not present under data/raw.
P1,missing_share_docx,data/raw/分享/84聪明的童女.docx,2,data/processed/整理后的分享文章/2026-03-21-马太福音-25-1-13-十个童女的比喻-警醒预备等候主.md | src/content/posts/2026-03-21-马太福音-25-1-13-十个童女的比喻-警醒预备等候主.md,recover_raw_file,"old share raw archive, backup, NAS share archive, previous content project",not_recovered,Legacy share article points to a docx that is not present under data/raw.
P1,missing_share_docx,data/raw/分享/85耶稣为何在地上写字.docx,2,data/processed/整理后的分享文章/2025-08-30-约翰福音-8-1-11-耶稣为何在地上写字-恩典、审判与悔改.md | src/content/posts/2025-08-30-约翰福音-8-1-11-耶稣为何在地上写字-恩典、审判与悔改.md,recover_raw_file,"old share raw archive, backup, NAS share archive, previous content project",not_recovered,Legacy share article points to a docx that is not present under data/raw.
P1,missing_share_docx,data/raw/分享/86人生只有两条路.docx,2,data/processed/整理后的分享文章/2025-10-25-马太福音-7-13-14-两条道路-选择通往生命的窄路.md | src/content/posts/2025-10-25-马太福音-7-13-14-两条道路-选择通往生命的窄路.md,recover_raw_file,"old share raw archive, backup, NAS share archive, previous content project",not_recovered,Legacy share article points to a docx that is not present under data/raw.
P1,missing_share_docx,data/raw/分享/87希伯来人，以色列人和犹太人.docx,2,data/processed/整理后的分享文章/2026-01-24-创世记-14-13-32-28-希伯来人、以色列人与犹太人-名称与历史脉络.md | src/content/posts/2026-01-24-创世记-14-13-32-28-希伯来人、以色列人与犹太人-名称与历史脉络.md,recover_raw_file,"old share raw archive, backup, NAS share archive, previous content project",not_recovered,Legacy share article points to a docx that is not present under data/raw.
P1,missing_share_docx,data/raw/分享/88雅各.docx,1,data/processed/整理后的分享文章/2026-03-28-创世记-32-22-32-雅各与神摔跤-从抓取到降服的生命转变.md,recover_raw_file,"old share raw archive, backup, NAS share archive, previous content project",not_recovered,Legacy share article points to a docx that is not present under data/raw.
P1,missing_share_docx,data/raw/分享/88耶稣为何说她是狗.docx,2,data/processed/整理后的分享文章/2025-11-29-马太福音-15-21-28-迦南妇人的信心-理解儿女与小狗的比喻.md | src/content/posts/2025-11-29-马太福音-15-21-28-迦南妇人的信心-理解儿女与小狗的比喻.md,recover_raw_file,"old share raw archive, backup, NAS share archive, previous content project",not_recovered,Legacy share article points to a docx that is not present under data/raw.
P1,missing_share_docx,data/raw/分享/91神的儿子，神的儿子们，人子.docx,1,data/processed/整理后的分享文章/2026-05-23-创世记-6-1-4-约伯记-1-6-但以理书-7-13-14-神的众子、神的儿子与人子-三个称号的含义.md,recover_raw_file,"old share raw archive, backup, NAS share archive, previous content project",not_recovered,Legacy share article points to a docx that is not present under data/raw.
P1,missing_share_docx,data/raw/分享/92大儿子的比喻.docx,2,data/processed/整理后的分享文章/2026-02-21-路加福音-15-25-32-大儿子的比喻-隐藏在顺服外表下的疏离.md | src/content/posts/2026-02-21-路加福音-15-25-32-大儿子的比喻-隐藏在顺服外表下的疏离.md,recover_raw_file,"old share raw archive, backup, NAS share archive, previous content project",not_recovered,Legacy share article points to a docx that is not present under data/raw.
P1,missing_share_docx,data/raw/分享/99雅各交叉双手.docx,2,data/processed/整理后的分享文章/2026-04-05-创世记-48-13-20-雅各交叉双手祝福-神的主权超越人的次序.md | src/content/posts/2026-04-05-创世记-48-13-20-雅各交叉双手祝福-神的主权超越人的次序.md,recover_raw_file,"old share raw archive, backup, NAS share archive, previous content project",not_recovered,Legacy share article points to a docx that is not present under data/raw.
P1,missing_share_docx,data/raw/分享/爱成全律法 经文：罗 13：8-10.docx,2,data/processed/整理后的分享文章/2024-10-12-罗马书-13-8-10-爱成全律法.md | src/content/posts/2024-10-12-罗马书-13-8-10-爱成全律法.md,recover_raw_file,"old share raw archive, backup, NAS share archive, previous content project",not_recovered,Legacy share article points to a docx that is not present under data/raw.
P1,missing_share_docx,data/raw/分享/百般试炼更坚信.docx,2,data/processed/整理后的分享文章/2024-05-24-雅各书-1-1-4-在百般试炼中坚定信心.md | src/content/posts/2024-05-24-雅各书-1-1-4-在百般试炼中坚定信心.md,recover_raw_file,"old share raw archive, backup, NAS share archive, previous content project",not_recovered,Legacy share article points to a docx that is not present under data/raw.
P1,missing_share_docx,data/raw/分享/不可论断　罗14：1-12.docx,2,data/processed/整理后的分享文章/2025-06-06-罗马书-14-1-12-不可论断.md | src/content/posts/2025-06-06-罗马书-14-1-12-不可论断.md,recover_raw_file,"old share raw archive, backup, NAS share archive, previous content project",not_recovered,Legacy share article points to a docx that is not present under data/raw.
P1,missing_share_docx,data/raw/分享/承载恩典.docx,2,data/processed/整理后的分享文章/2024-08-10-罗马书-1-11-12-承载恩典-在共同信心中彼此坚固.md | src/content/posts/2024-08-10-罗马书-1-11-12-承载恩典-在共同信心中彼此坚固.md,recover_raw_file,"old share raw archive, backup, NAS share archive, previous content project",not_recovered,Legacy share article points to a docx that is not present under data/raw.
P1,missing_share_docx,data/raw/分享/从约伯记看约伯受苦的意义.docx,2,data/processed/整理后的分享文章/2022-10-01-约伯记-1-1-从约伯记看约伯受苦的意义.md | src/content/posts/2022-10-01-约伯记-1-1-从约伯记看约伯受苦的意义.md,recover_raw_file,"old share raw archive, backup, NAS share archive, previous content project",not_recovered,Legacy share article points to a docx that is not present under data/raw.
P1,missing_share_docx,data/raw/分享/从重生而成长.docx,2,data/processed/整理后的分享文章/2024-12-14-彼得前书-1-18-2-3-从重生走向成长-渴慕纯净的灵奶.md | src/content/posts/2024-12-14-彼得前书-1-18-2-3-从重生走向成长-渴慕纯净的灵奶.md,recover_raw_file,"old share raw archive, backup, NAS share archive, previous content project",not_recovered,Legacy share article points to a docx that is not present under data/raw.
P1,missing_share_docx,data/raw/分享/得荣耀 罗马书8：18-30.docx,2,data/processed/整理后的分享文章/2025-03-29-罗马书-8-18-30-得荣耀.md | src/content/posts/2025-03-29-罗马书-8-18-30-得荣耀.md,recover_raw_file,"old share raw archive, backup, NAS share archive, previous content project",not_recovered,Legacy share article points to a docx that is not present under data/raw.
P1,missing_share_docx,data/raw/分享/得胜有余基督里　罗8：31-39.docx,2,data/processed/整理后的分享文章/2025-06-21-罗马书-8-31-得胜有余基督里.md | src/content/posts/2025-06-21-罗马书-8-31-得胜有余基督里.md,recover_raw_file,"old share raw archive, backup, NAS share archive, previous content project",not_recovered,Legacy share article points to a docx that is not present under data/raw.
P1,missing_share_docx,data/raw/分享/恩典.docx,2,data/processed/整理后的分享文章/2024-02-12-以弗所书-2-8-9-恩典-白白得来的救恩.md | src/content/posts/2024-02-12-以弗所书-2-8-9-恩典-白白得来的救恩.md,recover_raw_file,"old share raw archive, backup, NAS share archive, previous content project",not_recovered,Legacy share article points to a docx that is not present under data/raw.
P1,missing_share_docx,data/raw/分享/和睦相处荣耀神.docx,2,data/processed/整理后的分享文章/2024-05-24-罗马书-12-14-18-与人和睦-以祝福和善意回应冲突.md | src/content/posts/2024-05-24-罗马书-12-14-18-与人和睦-以祝福和善意回应冲突.md,recover_raw_file,"old share raw archive, backup, NAS share archive, previous content project",not_recovered,Legacy share article points to a docx that is not present under data/raw.
P1,missing_share_docx,data/raw/分享/悔改的真义.docx,2,data/processed/整理后的分享文章/2023-07-09-马太福音-3-2-悔改的真义.md | src/content/posts/2023-07-09-马太福音-3-2-悔改的真义.md,recover_raw_file,"old share raw archive, backup, NAS share archive, previous content project",not_recovered,Legacy share article points to a docx that is not present under data/raw.
P1,missing_share_docx,data/raw/分享/活出生命色彩的秘诀 罗8：1-17.docx,2,data/processed/整理后的分享文章/2025-02-08-罗马书-8-1-17-活出生命色彩的秘诀.md | src/content/posts/2025-02-08-罗马书-8-1-17-活出生命色彩的秘诀.md,recover_raw_file,"old share raw archive, backup, NAS share archive, previous content project",not_recovered,Legacy share article points to a docx that is not present under data/raw.
P1,missing_share_docx,data/raw/分享/基督门徒的条件.docx,2,data/processed/整理后的分享文章/2023-12-30-路加福音-14-25-33-作基督门徒的条件-计算跟随主的代价.md | src/content/posts/2023-12-30-路加福音-14-25-33-作基督门徒的条件-计算跟随主的代价.md,recover_raw_file,"old share raw archive, backup, NAS share archive, previous content project",not_recovered,Legacy share article points to a docx that is not present under data/raw.
P1,missing_share_docx,data/raw/分享/骄傲.docx,2,data/processed/整理后的分享文章/2022-12-10-路加福音-18-11-骄傲.md | src/content/posts/2022-12-10-路加福音-18-11-骄傲.md,recover_raw_file,"old share raw archive, backup, NAS share archive, previous content project",not_recovered,Legacy share article points to a docx that is not present under data/raw.
P1,missing_share_docx,data/raw/分享/论断与判断的区别.docx,2,data/processed/整理后的分享文章/2022-10-29-路加福音-6-37-论断与判断的区别.md | src/content/posts/2022-10-29-路加福音-6-37-论断与判断的区别.md,recover_raw_file,"old share raw archive, backup, NAS share archive, previous content project",not_recovered,Legacy share article points to a docx that is not present under data/raw.
P1,missing_share_docx,data/raw/分享/明白神的旨意（罗8：27）.docx,2,data/processed/整理后的分享文章/2025-05-17-罗马书-8-27-明白神的旨意-罗8-27.md | src/content/posts/2025-05-17-罗马书-8-27-明白神的旨意-罗8-27.md,recover_raw_file,"old share raw archive, backup, NAS share archive, previous content project",not_recovered,Legacy share article points to a docx that is not present under data/raw.
P1,missing_share_docx,data/raw/分享/你是否真正得救.docx,2,data/processed/整理后的分享文章/2023-03-31-哥林多后书-13-5-你是否真正得救-省察信心与生命果子.md | src/content/posts/2023-03-31-哥林多后书-13-5-你是否真正得救-省察信心与生命果子.md,recover_raw_file,"old share raw archive, backup, NAS share archive, previous content project",not_recovered,Legacy share article points to a docx that is not present under data/raw.
P1,missing_share_docx,"data/raw/分享/人的罪恶 经文：罗3,9-20.docx",2,data/processed/整理后的分享文章/2024-11-09-罗马书-3-9-20-人的罪恶.md | src/content/posts/2024-11-09-罗马书-3-9-20-人的罪恶.md,recover_raw_file,"old share raw archive, backup, NAS share archive, previous content project",not_recovered,Legacy share article points to a docx that is not present under data/raw.
P1,missing_share_docx,data/raw/分享/如何明辨神的声音.docx,2,data/processed/整理后的分享文章/2023-09-17-提摩太后书-3-16-17-如何明辨神的声音-以圣经作为可靠准则.md | src/content/posts/2023-09-17-提摩太后书-3-16-17-如何明辨神的声音-以圣经作为可靠准则.md,recover_raw_file,"old share raw archive, backup, NAS share archive, previous content project",not_recovered,Legacy share article points to a docx that is not present under data/raw.
P1,missing_share_docx,data/raw/分享/上帝公平吗　罗9：14-24.docx,2,data/processed/整理后的分享文章/2025-04-26-马太福音-20-1-10-上帝公平吗.md | src/content/posts/2025-04-26-马太福音-20-1-10-上帝公平吗.md,recover_raw_file,"old share raw archive, backup, NAS share archive, previous content project",not_recovered,Legacy share article points to a docx that is not present under data/raw.
P1,missing_share_docx,data/raw/分享/神充分的奖赏.docx,2,data/processed/整理后的分享文章/2023-12-10-但以理书-3-1-30-烈火窑中的信心-神同在就是充分的奖赏.md | src/content/posts/2023-12-10-但以理书-3-1-30-烈火窑中的信心-神同在就是充分的奖赏.md,recover_raw_file,"old share raw archive, backup, NAS share archive, previous content project",not_recovered,Legacy share article points to a docx that is not present under data/raw.
P1,missing_share_docx,data/raw/分享/神完全的能力.docx,2,data/processed/整理后的分享文章/2023-11-11-哥林多后书-12-7-10-神的能力在人的软弱上显得完全.md | src/content/posts/2023-11-11-哥林多后书-12-7-10-神的能力在人的软弱上显得完全.md,recover_raw_file,"old share raw archive, backup, NAS share archive, previous content project",not_recovered,Legacy share article points to a docx that is not present under data/raw.
P1,missing_share_docx,data/raw/分享/神阻挡骄傲的人.docx,2,data/processed/整理后的分享文章/2024-07-13-罗马书-11-16-24-不可向旧枝夸口-在神的恩慈与严厉中警醒.md | src/content/posts/2024-07-13-罗马书-11-16-24-不可向旧枝夸口-在神的恩慈与严厉中警醒.md,recover_raw_file,"old share raw archive, backup, NAS share archive, previous content project",not_recovered,Legacy share article points to a docx that is not present under data/raw.
P1,missing_share_docx,data/raw/分享/诗 32 悔改的操练.docx,2,data/processed/整理后的分享文章/2025-05-24-诗篇-32-1-11-悔改的操练-在认罪与赦免中经历神.md | src/content/posts/2025-05-24-诗篇-32-1-11-悔改的操练-在认罪与赦免中经历神.md,recover_raw_file,"old share raw archive, backup, NAS share archive, previous content project",not_recovered,Legacy share article points to a docx that is not present under data/raw.
P1,missing_share_docx,data/raw/分享/惟有爱心能造就人.docx,2,data/processed/整理后的分享文章/2024-04-13-哥林多前书-8-1-3-惟有爱心能造就人.md | src/content/posts/2024-04-13-哥林多前书-8-1-3-惟有爱心能造就人.md,recover_raw_file,"old share raw archive, backup, NAS share archive, previous content project",not_recovered,Legacy share article points to a docx that is not present under data/raw.
P1,missing_share_docx,data/raw/分享/为主而活 罗十四７，８.docx,2,data/processed/整理后的分享文章/2024-12-07-罗马书-14-7-8-为主而活-无论生死都是属主的人.md | src/content/posts/2024-12-07-罗马书-14-7-8-为主而活-无论生死都是属主的人.md,recover_raw_file,"old share raw archive, backup, NAS share archive, previous content project",not_recovered,Legacy share article points to a docx that is not present under data/raw.
P1,missing_share_docx,data/raw/分享/献为活祭 圣经：罗马书12：1－2.docx,2,data/processed/整理后的分享文章/2025-03-08-罗马书-12-1-2-献为活祭.md | src/content/posts/2025-03-08-罗马书-12-1-2-献为活祭.md,recover_raw_file,"old share raw archive, backup, NAS share archive, previous content project",not_recovered,Legacy share article points to a docx that is not present under data/raw.
P1,missing_share_docx,data/raw/分享/信心.docx,2,data/processed/整理后的分享文章/2024-01-20-雅各书-2-14-26-信心与行为-活的信心必结出果子.md | src/content/posts/2024-01-20-雅各书-2-14-26-信心与行为-活的信心必结出果子.md,recover_raw_file,"old share raw archive, backup, NAS share archive, previous content project",not_recovered,Legacy share article points to a docx that is not present under data/raw.
P1,missing_share_docx,data/raw/分享/寻求神的旨意.docx,2,data/processed/整理后的分享文章/2023-01-14-彼得后书-3-9-提摩太前书-2-3-4-寻求神的旨意-从得救开始明白神的带领.md | src/content/posts/2023-01-14-彼得后书-3-9-提摩太前书-2-3-4-寻求神的旨意-从得救开始明白神的带领.md,recover_raw_file,"old share raw archive, backup, NAS share archive, previous content project",not_recovered,Legacy share article points to a docx that is not present under data/raw.
P1,missing_share_docx,data/raw/分享/亚伯拉罕的代祷.docx,2,data/processed/整理后的分享文章/2023-08-05-创世记-18-亚伯拉罕的代祷.md | src/content/posts/2023-08-05-创世记-18-亚伯拉罕的代祷.md,recover_raw_file,"old share raw archive, backup, NAS share archive, previous content project",not_recovered,Legacy share article points to a docx that is not present under data/raw.
P1,missing_share_docx,data/raw/分享/亚伯拉罕献以撒.docx,2,data/processed/整理后的分享文章/2023-08-27-创世记-22-2-亚伯拉罕献以撒.md | src/content/posts/2023-08-27-创世记-22-2-亚伯拉罕献以撒.md,recover_raw_file,"old share raw archive, backup, NAS share archive, previous content project",not_recovered,Legacy share article points to a docx that is not present under data/raw.
P1,missing_share_docx,data/raw/分享/耶稣对天国的教训.docx,2,data/processed/整理后的分享文章/2024-03-16-马太福音-4-17-耶稣对天国的教训.md | src/content/posts/2024-03-16-马太福音-4-17-耶稣对天国的教训.md,recover_raw_file,"old share raw archive, backup, NAS share archive, previous content project",not_recovered,Legacy share article points to a docx that is not present under data/raw.
P1,missing_share_docx,data/raw/分享/耶稣基督的仆人.docx,2,data/processed/整理后的分享文章/2024-09-15-罗马书-1-1-耶稣基督的仆人.md | src/content/posts/2024-09-15-罗马书-1-1-耶稣基督的仆人.md,recover_raw_file,"old share raw archive, backup, NAS share archive, previous content project",not_recovered,Legacy share article points to a docx that is not present under data/raw.
P1,missing_share_docx,data/raw/分享/以善胜恶顺服神.docx,2,data/processed/整理后的分享文章/2024-06-16-罗马书-12-19-21-以善胜恶-把伸冤的主权交给神.md | src/content/posts/2024-06-16-罗马书-12-19-21-以善胜恶-把伸冤的主权交给神.md,recover_raw_file,"old share raw archive, backup, NAS share archive, previous content project",not_recovered,Legacy share article points to a docx that is not present under data/raw.
P1,missing_share_docx,data/raw/分享/以神为乐 罗5：1-10.docx,2,data/processed/整理后的分享文章/2025-01-04-希伯来书-11-27-以神为乐.md | src/content/posts/2025-01-04-希伯来书-11-27-以神为乐.md,recover_raw_file,"old share raw archive, backup, NAS share archive, previous content project",not_recovered,Legacy share article points to a docx that is not present under data/raw.
P1,missing_share_docx,data/raw/分享/重生的真义.docx,2,data/processed/整理后的分享文章/2023-10-15-约翰福音-3-3-8-重生的真义-从圣灵而生的新生命.md | src/content/posts/2023-10-15-约翰福音-3-3-8-重生的真义-从圣灵而生的新生命.md,recover_raw_file,"old share raw archive, backup, NAS share archive, previous content project",not_recovered,Legacy share article points to a docx that is not present under data/raw.
P2,missing_sermon_raw_directory,data/raw/教会讲道/20240630雅各书1：9-18诱惑_Patrick/20240630-Patrick(雅各书1：9-18诱惑).docx,2,data/processed/整理后的讲道文章/2024-06-30-雅各书-1-9-18｜诱惑.md | src/content/posts/2024-06-30-雅各书-1-9-18｜诱惑.md,recover_raw_directory,"\\RonnieNAS\share\教会讲道, protected sermon archive, old data/raw/教会讲道",not_recovered,Sermon article source directory is not present under data/raw/教会讲道.
P2,missing_sermon_raw_directory,data/raw/教会讲道/20240707雅各书 2：1-13_Grayson/20240707-Grayson(雅各书 2：1-13).docx,2,data/processed/整理后的讲道文章/2024-07-07-雅各书-2-1-13｜经文讲解.md | src/content/posts/2024-07-07-雅各书-2-1-13｜经文讲解.md,recover_raw_directory,"\\RonnieNAS\share\教会讲道, protected sermon archive, old data/raw/教会讲道",not_recovered,Sermon article source directory is not present under data/raw/教会讲道.
P2,missing_sermon_raw_directory,data/raw/教会讲道/20240714雅各书 1：19-27_Patrick/20240714-Payrick(雅各书 1：19-27).docx,2,data/processed/整理后的讲道文章/2024-07-14-雅各书-1-19-27｜经文讲解.md | src/content/posts/2024-07-14-雅各书-1-19-27｜经文讲解.md,recover_raw_directory,"\\RonnieNAS\share\教会讲道, protected sermon archive, old data/raw/教会讲道",not_recovered,Sermon article source directory is not present under data/raw/教会讲道.
P2,missing_sermon_raw_directory,data/raw/教会讲道/20240721雅各书 2：14-26 行为之信_Patrick/20240721-Patrick(雅各书 2：14-26 行为之信).docx,2,data/processed/整理后的讲道文章/2024-07-21-雅各书-2-14-26｜行为之信.md | src/content/posts/2024-07-21-雅各书-2-14-26｜行为之信.md,recover_raw_directory,"\\RonnieNAS\share\教会讲道, protected sermon archive, old data/raw/教会讲道",not_recovered,Sermon article source directory is not present under data/raw/教会讲道.
P2,missing_sermon_raw_directory,data/raw/教会讲道/20240728雅各书 3：1-12 话语_Patrick/20240728雅各书 3：1-12 话语P中文.docx,2,data/processed/整理后的讲道文章/2024-07-28-雅各书-3-1-12｜话语.md | src/content/posts/2024-07-28-雅各书-3-1-12｜话语.md,recover_raw_directory,"\\RonnieNAS\share\教会讲道, protected sermon archive, old data/raw/教会讲道",not_recovered,Sermon article source directory is not present under data/raw/教会讲道.
P2,missing_sermon_raw_directory,data/raw/教会讲道/20240811雅各书 3：13-18 智慧_Patrick/20240811雅各书 3：13-18 智慧P中文.docx,2,data/processed/整理后的讲道文章/2024-08-11-雅各书-3-13-18｜智慧.md | src/content/posts/2024-08-11-雅各书-3-13-18｜智慧.md,recover_raw_directory,"\\RonnieNAS\share\教会讲道, protected sermon archive, old data/raw/教会讲道",not_recovered,Sermon article source directory is not present under data/raw/教会讲道.
P2,missing_sermon_raw_directory,data/raw/教会讲道/20240818雅各书4：1-10 内心的战争_Patrick/20240818-Patrick中文雅各书4：1-10 内心的战争.docx,2,data/processed/整理后的讲道文章/2024-08-18-雅各书-4-1-10｜内心的战争.md | src/content/posts/2024-08-18-雅各书-4-1-10｜内心的战争.md,recover_raw_directory,"\\RonnieNAS\share\教会讲道, protected sermon archive, old data/raw/教会讲道",not_recovered,Sermon article source directory is not present under data/raw/教会讲道.
P2,missing_sermon_raw_directory,data/raw/教会讲道/20240825雅各书 5：7-13 忍耐_Patrick/20240825-Patrick中文雅各书 5：7-13 忍耐.docx,2,data/processed/整理后的讲道文章/2024-08-25-雅各书-5-7-13｜忍耐.md | src/content/posts/2024-08-25-雅各书-5-7-13｜忍耐.md,recover_raw_directory,"\\RonnieNAS\share\教会讲道, protected sermon archive, old data/raw/教会讲道",not_recovered,Sermon article source directory is not present under data/raw/教会讲道.
P2,missing_sermon_raw_directory,data/raw/教会讲道/20240901雅各书5：13-20 祷告_Patrick/20240901-Patrick中文雅各书5：13-20 祷告.txt,2,data/processed/整理后的讲道文章/2024-09-01-雅各书-5-13-20｜祷告.md | src/content/posts/2024-09-01-雅各书-5-13-20｜祷告.md,recover_raw_directory,"\\RonnieNAS\share\教会讲道, protected sermon archive, old data/raw/教会讲道",not_recovered,Sermon article source directory is not present under data/raw/教会讲道.
P2,missing_sermon_raw_directory,data/raw/教会讲道/20240908马太福音16：13-18 在耶稣里的身份_Patrick/20240908_马太福音16：13-18 在耶稣里的身份_P.txt,2,data/processed/整理后的讲道文章/2024-09-08-马太福音-16-13-18｜在耶稣里的身份.md | src/content/posts/2024-09-08-马太福音-16-13-18｜在耶稣里的身份.md,recover_raw_directory,"\\RonnieNAS\share\教会讲道, protected sermon archive, old data/raw/教会讲道",not_recovered,Sermon article source directory is not present under data/raw/教会讲道.
P2,missing_sermon_raw_directory,data/raw/教会讲道/20240915约翰福音 3：16 在耶稣里的价值_Patrick/20240915_中文约翰福音 3：16 在耶稣里的价值_P.txt,2,data/processed/整理后的讲道文章/2024-09-15-约翰福音-3-16｜在耶稣里的价值.md | src/content/posts/2024-09-15-约翰福音-3-16｜在耶稣里的价值.md,recover_raw_directory,"\\RonnieNAS\share\教会讲道, protected sermon archive, old data/raw/教会讲道",not_recovered,Sermon article source directory is not present under data/raw/教会讲道.
P2,missing_sermon_raw_directory,data/raw/教会讲道/20241013使徒行传 1：1-8 被圣灵感动_Patrick/20241013使徒行传 1：1-8 被圣灵感动_P.txt,2,data/processed/整理后的讲道文章/2024-10-13-使徒行传-1-1-8｜被圣灵感动.md | src/content/posts/2024-10-13-使徒行传-1-1-8｜被圣灵感动.md,recover_raw_directory,"\\RonnieNAS\share\教会讲道, protected sermon archive, old data/raw/教会讲道",not_recovered,Sermon article source directory is not present under data/raw/教会讲道.
P2,missing_sermon_raw_directory,data/raw/教会讲道/20241020使徒行传 2：1-13 圣灵的浇灌_Patrick/20241020使徒行传 2：1-13 圣灵的浇灌_P.txt,2,data/processed/整理后的讲道文章/2024-10-20-使徒行传-2-1-13｜圣灵的浇灌.md | src/content/posts/2024-10-20-使徒行传-2-1-13｜圣灵的浇灌.md,recover_raw_directory,"\\RonnieNAS\share\教会讲道, protected sermon archive, old data/raw/教会讲道",not_recovered,Sermon article source directory is not present under data/raw/教会讲道.
P2,missing_sermon_raw_directory,data/raw/教会讲道/20241027使徒行传 2：40-47 圣灵的团契_Patrick/20241027使徒行传 2：40-47 圣灵的团契.txt,2,data/processed/整理后的讲道文章/2024-10-27-使徒行传-2-40-47｜圣灵的团契.md | src/content/posts/2024-10-27-使徒行传-2-40-47｜圣灵的团契.md,recover_raw_directory,"\\RonnieNAS\share\教会讲道, protected sermon archive, old data/raw/教会讲道",not_recovered,Sermon article source directory is not present under data/raw/教会讲道.
P2,missing_sermon_raw_directory,data/raw/教会讲道/20241103使徒行传 3：1-26 被圣灵恢复_Patrick/20241103使徒行传 3：1-26 被圣灵恢复.txt,2,data/processed/整理后的讲道文章/2024-11-03-使徒行传-3-1-26｜被圣灵恢复.md | src/content/posts/2024-11-03-使徒行传-3-1-26｜被圣灵恢复.md,recover_raw_directory,"\\RonnieNAS\share\教会讲道, protected sermon archive, old data/raw/教会讲道",not_recovered,Sermon article source directory is not present under data/raw/教会讲道.
P2,missing_sermon_raw_directory,data/raw/教会讲道/20241110使徒行传 4：1-31 圣灵中的勇敢_Patrick/20241110使徒行传 4：1-31 圣灵中的勇敢.txt,2,data/processed/整理后的讲道文章/2024-11-10-使徒行传-4-1-31｜圣灵中的勇敢.md | src/content/posts/2024-11-10-使徒行传-4-1-31｜圣灵中的勇敢.md,recover_raw_directory,"\\RonnieNAS\share\教会讲道, protected sermon archive, old data/raw/教会讲道",not_recovered,Sermon article source directory is not present under data/raw/教会讲道.
P2,missing_sermon_raw_directory,data/raw/教会讲道/20241117中文使徒行传 4：32-37_Grayson/20241117-Grayson中文使徒行传 4：32-37.txt,2,data/processed/整理后的讲道文章/2024-11-17-使徒行传-4-32-37｜经文讲解.md | src/content/posts/2024-11-17-使徒行传-4-32-37｜经文讲解.md,recover_raw_directory,"\\RonnieNAS\share\教会讲道, protected sermon archive, old data/raw/教会讲道",not_recovered,Sermon article source directory is not present under data/raw/教会讲道.
P2,missing_sermon_raw_directory,data/raw/教会讲道/20241124提多书 1：4-9 长老职分_Patrick/20241124提多书 1：4-9 长老职分.txt,2,data/processed/整理后的讲道文章/2024-11-24-提多书-1-4-9｜长老职分.md | src/content/posts/2024-11-24-提多书-1-4-9｜长老职分.md,recover_raw_directory,"\\RonnieNAS\share\教会讲道, protected sermon archive, old data/raw/教会讲道",not_recovered,Sermon article source directory is not present under data/raw/教会讲道.
P2,missing_sermon_raw_directory,data/raw/教会讲道/20241201约翰福音1：1-5  耶稣是道_Patrick/20241201约翰福音1：1-5  耶稣是道.docx,2,data/processed/整理后的讲道文章/2024-12-01-约翰福音-1-1-5｜耶稣是道.md | src/content/posts/2024-12-01-约翰福音-1-1-5｜耶稣是道.md,recover_raw_directory,"\\RonnieNAS\share\教会讲道, protected sermon archive, old data/raw/教会讲道",not_recovered,Sermon article source directory is not present under data/raw/教会讲道.
P2,missing_sermon_raw_directory,data/raw/教会讲道/20241208约翰福音1：4-13 耶稣是光_Patrick/20241208约翰福音1：4-13 耶稣是光.txt,2,data/processed/整理后的讲道文章/2024-12-08-约翰福音-1-4-13｜耶稣是光.md | src/content/posts/2024-12-08-约翰福音-1-4-13｜耶稣是光.md,recover_raw_directory,"\\RonnieNAS\share\教会讲道, protected sermon archive, old data/raw/教会讲道",not_recovered,Sermon article source directory is not present under data/raw/教会讲道.
P2,missing_sermon_raw_directory,data/raw/教会讲道/20241215约翰福音1：14-18 耶稣的荣耀_Patrick/20241215约翰福音1：14-18 耶稣的荣耀.txt,2,data/processed/整理后的讲道文章/2024-12-15-约翰福音-1-14-18｜耶稣的荣耀.md | src/content/posts/2024-12-15-约翰福音-1-14-18｜耶稣的荣耀.md,recover_raw_directory,"\\RonnieNAS\share\教会讲道, protected sermon archive, old data/raw/教会讲道",not_recovered,Sermon article source directory is not present under data/raw/教会讲道.
P2,missing_sermon_raw_directory,data/raw/教会讲道/20241222马太福音 1：18-25 耶稣——救主_Patrick/20241222马太福音 1：18-25 耶稣——救主.txt,2,data/processed/整理后的讲道文章/2024-12-22-马太福音-1-18-25｜耶稣-救主.md | src/content/posts/2024-12-22-马太福音-1-18-25｜耶稣-救主.md,recover_raw_directory,"\\RonnieNAS\share\教会讲道, protected sermon archive, old data/raw/教会讲道",not_recovered,Sermon article source directory is not present under data/raw/教会讲道.
P2,missing_sermon_raw_directory,data/raw/教会讲道/20250105使徒行传5：12-42借着圣灵传讲神的话_Patrick/20250105使徒行传5：12-42借着圣灵传讲神的话.txt,2,data/processed/整理后的讲道文章/2025-01-05-使徒行传-5-12-42｜借着圣灵传讲神的话.md | src/content/posts/2025-01-05-使徒行传-5-12-42｜借着圣灵传讲神的话.md,recover_raw_directory,"\\RonnieNAS\share\教会讲道, protected sermon archive, old data/raw/教会讲道",not_recovered,Sermon article source directory is not present under data/raw/教会讲道.
P2,missing_sermon_raw_directory,data/raw/教会讲道/20250112使徒行传6：1-7  圣灵带来的合一_Patrick/20250112使徒行传6：1-7  圣灵带来的合一.txt,2,data/processed/整理后的讲道文章/2025-01-12-使徒行传-6-1-7｜圣灵带来的合一.md | src/content/posts/2025-01-12-使徒行传-6-1-7｜圣灵带来的合一.md,recover_raw_directory,"\\RonnieNAS\share\教会讲道, protected sermon archive, old data/raw/教会讲道",not_recovered,Sermon article source directory is not present under data/raw/教会讲道.
P2,missing_sermon_raw_directory,data/raw/教会讲道/20250119使徒行传6-7章：抗拒圣灵_Patrick/20250119使徒行传第6-7章：抗拒圣灵.txt,2,data/processed/整理后的讲道文章/2025-01-19-使徒行传-6-7｜抗拒圣灵.md | src/content/posts/2025-01-19-使徒行传-6-7｜抗拒圣灵.md,recover_raw_directory,"\\RonnieNAS\share\教会讲道, protected sermon archive, old data/raw/教会讲道",not_recovered,Sermon article source directory is not present under data/raw/教会讲道.
P2,missing_sermon_raw_directory,data/raw/教会讲道/20250126Kaz的见证/20250126Kaz的见证.txt,2,data/processed/整理后的讲道文章/2025-01-26-约书亚记-1-5｜kaz的见证.md | src/content/posts/2025-01-26-约书亚记-1-5｜kaz的见证.md,recover_raw_directory,"\\RonnieNAS\share\教会讲道, protected sermon archive, old data/raw/教会讲道",not_recovered,Sermon article source directory is not present under data/raw/教会讲道.
P2,missing_sermon_raw_directory,data/raw/教会讲道/20250202使徒行传 8：25-40 圣灵引导的事工_Patrick/20250202使徒行传 8：25-40 圣灵引导的事工.txt,2,data/processed/整理后的讲道文章/2025-02-02-使徒行传-8-25-40｜圣灵引导的事工.md | src/content/posts/2025-02-02-使徒行传-8-25-40｜圣灵引导的事工.md,recover_raw_directory,"\\RonnieNAS\share\教会讲道, protected sermon archive, old data/raw/教会讲道",not_recovered,Sermon article source directory is not present under data/raw/教会讲道.
P2,missing_sermon_raw_directory,data/raw/教会讲道/20250209使徒行传 9：1-11;17-19 圣灵的改变_Patrick/20250209使徒行传 9：1-11;17-19 圣灵的改变.txt,2,data/processed/整理后的讲道文章/2025-02-09-使徒行传-9-1-11-17-19｜圣灵的改变.md | src/content/posts/2025-02-09-使徒行传-9-1-11-17-19｜圣灵的改变.md,recover_raw_directory,"\\RonnieNAS\share\教会讲道, protected sermon archive, old data/raw/教会讲道",not_recovered,Sermon article source directory is not present under data/raw/教会讲道.
P2,missing_sermon_raw_directory,data/raw/教会讲道/20250216使徒行传 10：25-44 圣灵的纳入_Patrick/20250216使徒行传 10：25-44 圣灵的纳入.txt,2,data/processed/整理后的讲道文章/2025-02-16-使徒行传-10-25-44｜圣灵的纳入.md | src/content/posts/2025-02-16-使徒行传-10-25-44｜圣灵的纳入.md,recover_raw_directory,"\\RonnieNAS\share\教会讲道, protected sermon archive, old data/raw/教会讲道",not_recovered,Sermon article source directory is not present under data/raw/教会讲道.
P2,missing_sermon_raw_directory,data/raw/教会讲道/20250223提多书 2：11-15  转变生命的恩典_Patrick/20250223提多书 2：11-15  转变生命的恩典.txt,2,data/processed/整理后的讲道文章/2025-02-23-提多书-2-11-15｜转变生命的恩典.md | src/content/posts/2025-02-23-提多书-2-11-15｜转变生命的恩典.md,recover_raw_directory,"\\RonnieNAS\share\教会讲道, protected sermon archive, old data/raw/教会讲道",not_recovered,Sermon article source directory is not present under data/raw/教会讲道.
P2,missing_sermon_raw_directory,data/raw/教会讲道/20250302使徒行传 11：19-30 圣灵的鼓励_Patrick/20250302使徒行传 11：19-30 圣灵的鼓励.docx,2,data/processed/整理后的讲道文章/2025-03-02-使徒行传-11-19-30｜圣灵的鼓励.md | src/content/posts/2025-03-02-使徒行传-11-19-30｜圣灵的鼓励.md,recover_raw_directory,"\\RonnieNAS\share\教会讲道, protected sermon archive, old data/raw/教会讲道",not_recovered,Sermon article source directory is not present under data/raw/教会讲道.
P2,missing_sermon_raw_directory,data/raw/教会讲道/20250309使徒行传 12：1-19 　凭圣灵祷告_Patrick/20250309使徒行传 12：1-19 　凭圣灵祷告.txt,2,data/processed/整理后的讲道文章/2025-03-09-使徒行传-12-1-19｜凭圣灵祷告.md | src/content/posts/2025-03-09-使徒行传-12-1-19｜凭圣灵祷告.md,recover_raw_directory,"\\RonnieNAS\share\教会讲道, protected sermon archive, old data/raw/教会讲道",not_recovered,Sermon article source directory is not present under data/raw/教会讲道.
P2,missing_sermon_raw_directory,data/raw/教会讲道/20250316使徒行传 13：1-29 圣灵引导的宣教_Patrick/20250316使徒行传 13：1-29 圣灵引导的宣教.txt,2,data/processed/整理后的讲道文章/2025-03-16-使徒行传-13-1-29｜圣灵引导的宣教.md | src/content/posts/2025-03-16-使徒行传-13-1-29｜圣灵引导的宣教.md,recover_raw_directory,"\\RonnieNAS\share\教会讲道, protected sermon archive, old data/raw/教会讲道",not_recovered,Sermon article source directory is not present under data/raw/教会讲道.
P2,missing_sermon_raw_directory,data/raw/教会讲道/20250323使徒行传 14：8-23福音的坚韧_Patrick/20250323使徒行传 14：8-23福音的坚韧.txt,2,data/processed/整理后的讲道文章/2025-03-23-使徒行传-14-8-23｜福音的坚韧.md | src/content/posts/2025-03-23-使徒行传-14-8-23｜福音的坚韧.md,recover_raw_directory,"\\RonnieNAS\share\教会讲道, protected sermon archive, old data/raw/教会讲道",not_recovered,Sermon article source directory is not present under data/raw/教会讲道.
P2,missing_sermon_raw_directory,data/raw/教会讲道/20250330使徒行传 16：20-34 借着圣灵得自由_Patrick/20250330使徒行传 16：20-34 借着圣灵得自由.txt,2,data/processed/整理后的讲道文章/2025-03-30-使徒行传-16-20-34｜借着圣灵得自由.md | src/content/posts/2025-03-30-使徒行传-16-20-34｜借着圣灵得自由.md,recover_raw_directory,"\\RonnieNAS\share\教会讲道, protected sermon archive, old data/raw/教会讲道",not_recovered,Sermon article source directory is not present under data/raw/教会讲道.
P2,missing_sermon_raw_directory,data/raw/教会讲道/20250406使徒行传 15：1-12 如何处理冲突_Patrick/20250406使徒行传 15：1-12 如何处理冲突.txt,2,data/processed/整理后的讲道文章/2025-04-06-使徒行传-15-1-12｜如何处理冲突.md | src/content/posts/2025-04-06-使徒行传-15-1-12｜如何处理冲突.md,recover_raw_directory,"\\RonnieNAS\share\教会讲道, protected sermon archive, old data/raw/教会讲道",not_recovered,Sermon article source directory is not present under data/raw/教会讲道.
P2,missing_sermon_raw_directory,data/raw/教会讲道/20250413复活节系列：十字架上的三句话_Patrick/20250413复活节系列：十字架上的三句话.docx,2,data/processed/整理后的讲道文章/2025-04-13-哥林多前书-2-1-2｜复活节系列-十字架上的三句话.md | src/content/posts/2025-04-13-哥林多前书-2-1-2｜复活节系列-十字架上的三句话.md,recover_raw_directory,"\\RonnieNAS\share\教会讲道, protected sermon archive, old data/raw/教会讲道",not_recovered,Sermon article source directory is not present under data/raw/教会讲道.
P2,missing_sermon_raw_directory,data/raw/教会讲道/20250420复活节系列：哥林多前书15：1-6复活的福音_Patrick/20250420复活节系列：哥林多前书15：1-6复活的福音.txt,2,data/processed/整理后的讲道文章/2025-04-20-哥林多前书-15-1-6｜复活节系列-复活的福音.md | src/content/posts/2025-04-20-哥林多前书-15-1-6｜复活节系列-复活的福音.md,recover_raw_directory,"\\RonnieNAS\share\教会讲道, protected sermon archive, old data/raw/教会讲道",not_recovered,Sermon article source directory is not present under data/raw/教会讲道.
P2,missing_sermon_raw_directory,data/raw/教会讲道/20250427使徒行传 17：1-12 专心于神的话语_Patrick/20250427使徒行传 17：1-12 专心于神的话语.docx,2,data/processed/整理后的讲道文章/2025-04-27-使徒行传-17-1-12｜专心于神的话语.md | src/content/posts/2025-04-27-使徒行传-17-1-12｜专心于神的话语.md,recover_raw_directory,"\\RonnieNAS\share\教会讲道, protected sermon archive, old data/raw/教会讲道",not_recovered,Sermon article source directory is not present under data/raw/教会讲道.
P2,missing_sermon_raw_directory,data/raw/教会讲道/20250504使徒行传 17：16-24 未知之神_Patrick/20250504使徒行传 17：16-24 未知之神.txt,2,data/processed/整理后的讲道文章/2025-05-04-使徒行传-17-16-24｜未知之神.md | src/content/posts/2025-05-04-使徒行传-17-16-24｜未知之神.md,recover_raw_directory,"\\RonnieNAS\share\教会讲道, protected sermon archive, old data/raw/教会讲道",not_recovered,Sermon article source directory is not present under data/raw/教会讲道.
P2,missing_sermon_raw_directory,data/raw/教会讲道/20250511使徒行传18：1-11 保罗在哥林多_Patrick/20250511使徒行传18：1-11 保罗在哥林多.txt,2,data/processed/整理后的讲道文章/2025-05-11-使徒行传-18-1-11｜保罗在哥林多.md | src/content/posts/2025-05-11-使徒行传-18-1-11｜保罗在哥林多.md,recover_raw_directory,"\\RonnieNAS\share\教会讲道, protected sermon archive, old data/raw/教会讲道",not_recovered,Sermon article source directory is not present under data/raw/教会讲道.
P2,missing_sermon_raw_directory,data/raw/教会讲道/20250518使徒行传 18：18-28亚波罗在以弗所_Patrick/20250518使徒行传 18：18-28亚波罗在以弗所.txt,2,data/processed/整理后的讲道文章/2025-05-18-使徒行传-18-18-28｜亚波罗在以弗所.md | src/content/posts/2025-05-18-使徒行传-18-18-28｜亚波罗在以弗所.md,recover_raw_directory,"\\RonnieNAS\share\教会讲道, protected sermon archive, old data/raw/教会讲道",not_recovered,Sermon article source directory is not present under data/raw/教会讲道.
P2,missing_sermon_raw_directory,data/raw/教会讲道/20250525使徒行传19章——保罗在以弗所_Patrick/20250525使徒行传19章——保罗在以弗所.txt,2,data/processed/整理后的讲道文章/2025-05-25-使徒行传-19｜保罗在以弗所.md | src/content/posts/2025-05-25-使徒行传-19｜保罗在以弗所.md,recover_raw_directory,"\\RonnieNAS\share\教会讲道, protected sermon archive, old data/raw/教会讲道",not_recovered,Sermon article source directory is not present under data/raw/教会讲道.
P2,missing_sermon_raw_directory,data/raw/教会讲道/20250601使徒行传20章：保罗与以弗所的长老们_Patrick/20250601使徒行传20章：保罗与以弗所的长老们.docx,2,data/processed/整理后的讲道文章/2025-06-01-使徒行传-20｜保罗与以弗所的长老们.md | src/content/posts/2025-06-01-使徒行传-20｜保罗与以弗所的长老们.md,recover_raw_directory,"\\RonnieNAS\share\教会讲道, protected sermon archive, old data/raw/教会讲道",not_recovered,Sermon article source directory is not present under data/raw/教会讲道.
P2,missing_sermon_raw_directory,data/raw/教会讲道/20250608使徒行传22：1-22 保罗的见证_Patrick/20250608使徒行传22：1-22 保罗的见证.txt,2,data/processed/整理后的讲道文章/2025-06-08-使徒行传-22-1-22｜保罗的见证.md | src/content/posts/2025-06-08-使徒行传-22-1-22｜保罗的见证.md,recover_raw_directory,"\\RonnieNAS\share\教会讲道, protected sermon archive, old data/raw/教会讲道",not_recovered,Sermon article source directory is not present under data/raw/教会讲道.
P2,missing_sermon_raw_directory,data/raw/教会讲道/20250615使徒行传18：28-31：善终之道_Patrick/20250615使徒行传18：28-31：善终之道.txt,2,data/processed/整理后的讲道文章/2025-06-15-使徒行传-18-28-31｜善终之道.md | src/content/posts/2025-06-15-使徒行传-18-28-31｜善终之道.md,recover_raw_directory,"\\RonnieNAS\share\教会讲道, protected sermon archive, old data/raw/教会讲道",not_recovered,Sermon article source directory is not present under data/raw/教会讲道.
P2,missing_sermon_raw_directory,data/raw/教会讲道/20250622约拿1_Grayson/20250622约拿1 中.txt,2,data/processed/整理后的讲道文章/2025-06-22-约拿书-1｜经文讲解.md | src/content/posts/2025-06-22-约拿书-1｜经文讲解.md,recover_raw_directory,"\\RonnieNAS\share\教会讲道, protected sermon archive, old data/raw/教会讲道",not_recovered,Sermon article source directory is not present under data/raw/教会讲道.
P2,missing_sermon_raw_directory,data/raw/教会讲道/20250629约拿2_Grayson/20250629约拿2.txt,2,data/processed/整理后的讲道文章/2025-06-29-约拿书-2｜经文讲解.md | src/content/posts/2025-06-29-约拿书-2｜经文讲解.md,recover_raw_directory,"\\RonnieNAS\share\教会讲道, protected sermon archive, old data/raw/教会讲道",not_recovered,Sermon article source directory is not present under data/raw/教会讲道.
P2,missing_sermon_raw_directory,data/raw/教会讲道/20250706约拿3_Grayson/20250706约拿3中文.txt,2,data/processed/整理后的讲道文章/2025-07-06-约拿书-3｜经文讲解.md | src/content/posts/2025-07-06-约拿书-3｜经文讲解.md,recover_raw_directory,"\\RonnieNAS\share\教会讲道, protected sermon archive, old data/raw/教会讲道",not_recovered,Sermon article source directory is not present under data/raw/教会讲道.
P2,missing_sermon_raw_directory,data/raw/教会讲道/20250713福音1约翰福音 6：22–29引言：我们需要一次诊断_Ryan/20250713约翰福音 6：22–29引言：我们需要一次诊断.txt,2,data/processed/整理后的讲道文章/2025-07-13-约翰福音-6-22-29｜引言-我们需要一次诊断.md | src/content/posts/2025-07-13-约翰福音-6-22-29｜引言-我们需要一次诊断.md,recover_raw_directory,"\\RonnieNAS\share\教会讲道, protected sermon archive, old data/raw/教会讲道",not_recovered,Sermon article source directory is not present under data/raw/教会讲道.
P2,missing_sermon_raw_directory,data/raw/教会讲道/20250720福音2约翰福音 6：30–35福音的渗透力_Ryan/20250720约翰福音 6：30–35福音的渗透力.txt,2,data/processed/整理后的讲道文章/2025-07-20-约翰福音-6-30-35｜福音的渗透力.md | src/content/posts/2025-07-20-约翰福音-6-30-35｜福音的渗透力.md,recover_raw_directory,"\\RonnieNAS\share\教会讲道, protected sermon archive, old data/raw/教会讲道",not_recovered,Sermon article source directory is not present under data/raw/教会讲道.
P2,missing_sermon_raw_directory,data/raw/教会讲道/20250727Kota见证/20250727Kota见证.txt,2,data/processed/整理后的讲道文章/2025-07-27-耶利米哀歌-3-19-33｜kota见证.md | src/content/posts/2025-07-27-耶利米哀歌-3-19-33｜kota见证.md,recover_raw_directory,"\\RonnieNAS\share\教会讲道, protected sermon archive, old data/raw/教会讲道",not_recovered,Sermon article source directory is not present under data/raw/教会讲道.
P2,missing_sermon_raw_directory,data/raw/教会讲道/20250803福音3马可福音 10：17-22我心中的福音_Ryan/20250803马可福音 10：17-22我心中的福音.txt,2,data/processed/整理后的讲道文章/2025-08-03-马可福音-10-17-22｜我心中的福音.md | src/content/posts/2025-08-03-马可福音-10-17-22｜我心中的福音.md,recover_raw_directory,"\\RonnieNAS\share\教会讲道, protected sermon archive, old data/raw/教会讲道",not_recovered,Sermon article source directory is not present under data/raw/教会讲道.
P2,missing_sermon_raw_directory,data/raw/教会讲道/20250810福音4使徒行传 2：42–47与我们同在的福音_Ryan/20250810使徒行传 2：42–47与我们同在的福音.txt,2,data/processed/整理后的讲道文章/2025-08-10-使徒行传-2-42-47｜与我们同在的福音.md | src/content/posts/2025-08-10-使徒行传-2-42-47｜与我们同在的福音.md,recover_raw_directory,"\\RonnieNAS\share\教会讲道, protected sermon archive, old data/raw/教会讲道",not_recovered,Sermon article source directory is not present under data/raw/教会讲道.
P2,missing_sermon_raw_directory,data/raw/教会讲道/20250817诗篇 27：1 神是我们的堡垒_Patrick/20250817诗篇 27：1 神是我们的堡垒.txt,2,data/processed/整理后的讲道文章/2025-08-17-诗篇-27-1｜神是我们的堡垒.md | src/content/posts/2025-08-17-诗篇-27-1｜神是我们的堡垒.md,recover_raw_directory,"\\RonnieNAS\share\教会讲道, protected sermon archive, old data/raw/教会讲道",not_recovered,Sermon article source directory is not present under data/raw/教会讲道.
P2,missing_sermon_raw_directory,data/raw/教会讲道/20250824马可福音 4：1-20 撒种的比喻_Patrick/文本.txt,2,data/processed/整理后的讲道文章/2025-08-24-马可福音-4-1-20｜撒种的比喻.md | src/content/posts/2025-08-24-马可福音-4-1-20｜撒种的比喻.md,recover_raw_directory,"\\RonnieNAS\share\教会讲道, protected sermon archive, old data/raw/教会讲道",not_recovered,Sermon article source directory is not present under data/raw/教会讲道.
P2,missing_sermon_raw_directory,data/raw/教会讲道/20250831教会的身份证明约翰福音 13：31-35_Patrick父/文本pd.txt,2,data/processed/整理后的讲道文章/2025-08-31-约翰福音-13-31-35｜教会的身份证明.md | src/content/posts/2025-08-31-约翰福音-13-31-35｜教会的身份证明.md,recover_raw_directory,"\\RonnieNAS\share\教会讲道, protected sermon archive, old data/raw/教会讲道",not_recovered,Sermon article source directory is not present under data/raw/教会讲道.
P2,missing_sermon_raw_directory,data/raw/教会讲道/20250907马太福音 13：31-33 芥菜种面酵的比喻_Patrick/文本.txt,2,data/processed/整理后的讲道文章/2025-09-07-马太福音-13-31-33｜芥菜种面酵的比喻.md | src/content/posts/2025-09-07-马太福音-13-31-33｜芥菜种面酵的比喻.md,recover_raw_directory,"\\RonnieNAS\share\教会讲道, protected sermon archive, old data/raw/教会讲道",not_recovered,Sermon article source directory is not present under data/raw/教会讲道.
P2,missing_sermon_raw_directory,data/raw/教会讲道/20250914马太福音 13：44-46 基督无限的价值_Patrick/文本.txt,2,data/processed/整理后的讲道文章/2025-09-14-马太福音-13-44-46｜基督无限的价值.md | src/content/posts/2025-09-14-马太福音-13-44-46｜基督无限的价值.md,recover_raw_directory,"\\RonnieNAS\share\教会讲道, protected sermon archive, old data/raw/教会讲道",not_recovered,Sermon article source directory is not present under data/raw/教会讲道.
P2,missing_sermon_raw_directory,data/raw/教会讲道/20250921路加福音 15：1-7 善牧_Patrick/文本.txt,2,data/processed/整理后的讲道文章/2025-09-21-路加福音-15-1-7｜善牧.md | src/content/posts/2025-09-21-路加福音-15-1-7｜善牧.md,recover_raw_directory,"\\RonnieNAS\share\教会讲道, protected sermon archive, old data/raw/教会讲道",not_recovered,Sermon article source directory is not present under data/raw/教会讲道.
P2,missing_sermon_raw_directory,data/raw/教会讲道/20250928路加福音 10：25-37 好撒玛利亚人_Patrick/文本.txt,2,data/processed/整理后的讲道文章/2025-09-28-路加福音-10-25-37｜好撒玛利亚人.md | src/content/posts/2025-09-28-路加福音-10-25-37｜好撒玛利亚人.md,recover_raw_directory,"\\RonnieNAS\share\教会讲道, protected sermon archive, old data/raw/教会讲道",not_recovered,Sermon article source directory is not present under data/raw/教会讲道.
P2,missing_sermon_raw_directory,data/raw/教会讲道/20251005马太福音 18：21-35 不饶恕人的仆人_Patrick/文本.txt,2,data/processed/整理后的讲道文章/2025-10-05-马太福音-18-21-35｜不饶恕人的仆人.md | src/content/posts/2025-10-05-马太福音-18-21-35｜不饶恕人的仆人.md,recover_raw_directory,"\\RonnieNAS\share\教会讲道, protected sermon archive, old data/raw/教会讲道",not_recovered,Sermon article source directory is not present under data/raw/教会讲道.
P2,missing_sermon_raw_directory,data/raw/教会讲道/20251012路加福音 15：11-32 迷失的两个儿子_Patrick/文本.txt,2,data/processed/整理后的讲道文章/2025-10-12-路加福音-15-11-32｜迷失的两个儿子.md | src/content/posts/2025-10-12-路加福音-15-11-32｜迷失的两个儿子.md,recover_raw_directory,"\\RonnieNAS\share\教会讲道, protected sermon archive, old data/raw/教会讲道",not_recovered,Sermon article source directory is not present under data/raw/教会讲道.
P2,missing_sermon_raw_directory,data/raw/教会讲道/20251019马太福音 20：1-16葡萄园工人的比喻_Patrick/文本.txt,2,data/processed/整理后的讲道文章/2025-10-19-马太福音-20-1-16｜葡萄园工人的比喻.md | src/content/posts/2025-10-19-马太福音-20-1-16｜葡萄园工人的比喻.md,recover_raw_directory,"\\RonnieNAS\share\教会讲道, protected sermon archive, old data/raw/教会讲道",not_recovered,Sermon article source directory is not present under data/raw/教会讲道.
P2,missing_sermon_raw_directory,data/raw/教会讲道/20251026路加福音 18：1-8 坚持祈求的寡妇_Patrick/文本.txt,2,data/processed/整理后的讲道文章/2025-10-26-路加福音-18-1-8｜坚持祈求的寡妇.md | src/content/posts/2025-10-26-路加福音-18-1-8｜坚持祈求的寡妇.md,recover_raw_directory,"\\RonnieNAS\share\教会讲道, protected sermon archive, old data/raw/教会讲道",not_recovered,Sermon article source directory is not present under data/raw/教会讲道.
P2,missing_sermon_raw_directory,data/raw/教会讲道/20251102马太福音 21：33-45 恶农夫的比喻_Patrick/文本.txt,2,data/processed/整理后的讲道文章/2025-11-02-马太福音-21-33-45｜恶农夫的比喻.md | src/content/posts/2025-11-02-马太福音-21-33-45｜恶农夫的比喻.md,recover_raw_directory,"\\RonnieNAS\share\教会讲道, protected sermon archive, old data/raw/教会讲道",not_recovered,Sermon article source directory is not present under data/raw/教会讲道.
P2,missing_sermon_raw_directory,data/raw/教会讲道/20251109马太福音 25：14-30 才干的比喻_Patrick/文本.txt,2,data/processed/整理后的讲道文章/2025-11-09-马太福音-25-14-30｜才干的比喻.md | src/content/posts/2025-11-09-马太福音-25-14-30｜才干的比喻.md,recover_raw_directory,"\\RonnieNAS\share\教会讲道, protected sermon archive, old data/raw/教会讲道",not_recovered,Sermon article source directory is not present under data/raw/教会讲道.
P2,missing_sermon_raw_directory,data/raw/教会讲道/20251116马太福音 6：19-24 管家职分-单一的主人_Patrick/20251116.txt,2,data/processed/整理后的讲道文章/2025-11-16-马太福音-6-19-24｜管家职分-单一的主人.md | src/content/posts/2025-11-16-马太福音-6-19-24｜管家职分-单一的主人.md,recover_raw_directory,"\\RonnieNAS\share\教会讲道, protected sermon archive, old data/raw/教会讲道",not_recovered,Sermon article source directory is not present under data/raw/教会讲道.
P2,missing_sermon_raw_directory,data/raw/教会讲道/20251123哥林多后书 8：7-9 慷慨_Patrick/文本.txt,2,data/processed/整理后的讲道文章/2025-11-23-哥林多后书-8-7-9｜慷慨.md | src/content/posts/2025-11-23-哥林多后书-8-7-9｜慷慨.md,recover_raw_directory,"\\RonnieNAS\share\教会讲道, protected sermon archive, old data/raw/教会讲道",not_recovered,Sermon article source directory is not present under data/raw/教会讲道.
P2,missing_sermon_raw_directory,data/raw/教会讲道/20251130提摩太前书 6：6-10  知足_Patrick/文本.txt,2,data/processed/整理后的讲道文章/2025-11-30-提摩太前书-6-6-10｜知足.md | src/content/posts/2025-11-30-提摩太前书-6-6-10｜知足.md,recover_raw_directory,"\\RonnieNAS\share\教会讲道, protected sermon archive, old data/raw/教会讲道",not_recovered,Sermon article source directory is not present under data/raw/教会讲道.
P2,missing_sermon_raw_directory,data/raw/教会讲道/20251207路加福音 1：26-38 所应许的礼物_Patrick/文本.txt,2,data/processed/整理后的讲道文章/2025-12-07-路加福音-1-26-38｜所应许的礼物.md | src/content/posts/2025-12-07-路加福音-1-26-38｜所应许的礼物.md,recover_raw_directory,"\\RonnieNAS\share\教会讲道, protected sermon archive, old data/raw/教会讲道",not_recovered,Sermon article source directory is not present under data/raw/教会讲道.
P2,missing_sermon_raw_directory,data/raw/教会讲道/20251214路加福音 2：8–20 礼物的宣告_Patrick/文本.txt,2,data/processed/整理后的讲道文章/2025-12-14-路加福音-2-8-20｜礼物的宣告.md | src/content/posts/2025-12-14-路加福音-2-8-20｜礼物的宣告.md,recover_raw_directory,"\\RonnieNAS\share\教会讲道, protected sermon archive, old data/raw/教会讲道",not_recovered,Sermon article source directory is not present under data/raw/教会讲道.
P2,missing_sermon_raw_directory,data/raw/教会讲道/20251221以弗所书 5：1–2 最伟大的礼物_Patrick/文本.txt,2,data/processed/整理后的讲道文章/2025-12-21-以弗所书-5-1-2｜最伟大的礼物.md | src/content/posts/2025-12-21-以弗所书-5-1-2｜最伟大的礼物.md,recover_raw_directory,"\\RonnieNAS\share\教会讲道, protected sermon archive, old data/raw/教会讲道",not_recovered,Sermon article source directory is not present under data/raw/教会讲道.
P2,missing_sermon_raw_directory,data/raw/教会讲道/20260104约翰福音 8：31–36 真正的自由_Patrick/文本.txt,2,data/processed/整理后的讲道文章/2026-01-04-约翰福音-8-31-36｜真正的自由.md | src/content/posts/2026-01-04-约翰福音-8-31-36｜真正的自由.md,recover_raw_directory,"\\RonnieNAS\share\教会讲道, protected sermon archive, old data/raw/教会讲道",not_recovered,Sermon article source directory is not present under data/raw/教会讲道.
P2,missing_sermon_raw_directory,data/raw/教会讲道/20260111罗马书 1：1–7 罗马书导论_Patrick/文本.txt,2,data/processed/整理后的讲道文章/2026-01-11-罗马书-1-1-7｜罗马书导论.md | src/content/posts/2026-01-11-罗马书-1-1-7｜罗马书导论.md,recover_raw_directory,"\\RonnieNAS\share\教会讲道, protected sermon archive, old data/raw/教会讲道",not_recovered,Sermon article source directory is not present under data/raw/教会讲道.
P2,missing_sermon_raw_directory,data/raw/教会讲道/20260118罗马书 1：16–32_Patrick/文本.txt,2,data/processed/整理后的讲道文章/2026-01-18-罗马书-1-16-32｜经文讲解.md | src/content/posts/2026-01-18-罗马书-1-16-32｜经文讲解.md,recover_raw_directory,"\\RonnieNAS\share\教会讲道, protected sermon archive, old data/raw/教会讲道",not_recovered,Sermon article source directory is not present under data/raw/教会讲道.
P2,missing_sermon_raw_directory,data/raw/教会讲道/20260125罗马书第二章：自以为义的人被定罪_Patrick/文本.txt,2,data/processed/整理后的讲道文章/2026-01-25-罗马书-2｜自以为义的人被定罪.md | src/content/posts/2026-01-25-罗马书-2｜自以为义的人被定罪.md,recover_raw_directory,"\\RonnieNAS\share\教会讲道, protected sermon archive, old data/raw/教会讲道",not_recovered,Sermon article source directory is not present under data/raw/教会讲道.
P2,missing_sermon_raw_directory,data/raw/教会讲道/20260201罗马书3：1–20_Patrick/文本.txt,2,data/processed/整理后的讲道文章/2026-02-01-罗马书-3-1-20｜经文讲解.md | src/content/posts/2026-02-01-罗马书-3-1-20｜经文讲解.md,recover_raw_directory,"\\RonnieNAS\share\教会讲道, protected sermon archive, old data/raw/教会讲道",not_recovered,Sermon article source directory is not present under data/raw/教会讲道.
P2,missing_sermon_raw_directory,data/raw/教会讲道/20260208罗马书 3：21–31 因信称义_Patrick/文本.txt,2,data/processed/整理后的讲道文章/2026-02-08-罗马书-3-21-31｜因信称义.md | src/content/posts/2026-02-08-罗马书-3-21-31｜因信称义.md,recover_raw_directory,"\\RonnieNAS\share\教会讲道, protected sermon archive, old data/raw/教会讲道",not_recovered,Sermon article source directory is not present under data/raw/教会讲道.
P2,missing_sermon_raw_directory,data/raw/教会讲道/20260215罗马书第4章：像亚伯拉罕一样的信心_Patrick/文本.txt,2,data/processed/整理后的讲道文章/2026-02-15-罗马书-4｜像亚伯拉罕一样的信心.md | src/content/posts/2026-02-15-罗马书-4｜像亚伯拉罕一样的信心.md,recover_raw_directory,"\\RonnieNAS\share\教会讲道, protected sermon archive, old data/raw/教会讲道",not_recovered,Sermon article source directory is not present under data/raw/教会讲道.
P2,missing_sermon_raw_directory,data/raw/教会讲道/20260222罗马书 5：1-11 在基督里得以和好_Patrick/文本.txt,2,data/processed/整理后的讲道文章/2026-02-22-罗马书-5-1-11｜在基督里得以和好.md | src/content/posts/2026-02-22-罗马书-5-1-11｜在基督里得以和好.md,recover_raw_directory,"\\RonnieNAS\share\教会讲道, protected sermon archive, old data/raw/教会讲道",not_recovered,Sermon article source directory is not present under data/raw/教会讲道.
P2,missing_sermon_raw_directory,data/raw/教会讲道/20260301罗马书 5：12–21 恩典掌权_Patrick/文本.txt,2,data/processed/整理后的讲道文章/2026-03-01-罗马书-5-12-21｜恩典掌权.md | src/content/posts/2026-03-01-罗马书-5-12-21｜恩典掌权.md,recover_raw_directory,"\\RonnieNAS\share\教会讲道, protected sermon archive, old data/raw/教会讲道",not_recovered,Sermon article source directory is not present under data/raw/教会讲道.
P2,missing_sermon_raw_directory,data/raw/教会讲道/20260308罗马书 6：1–14 向罪死，在基督里活_Patrick/文本.txt,2,data/processed/整理后的讲道文章/2026-03-08-罗马书-6-1-14｜向罪死-在基督里活.md | src/content/posts/2026-03-08-罗马书-6-1-14｜向罪死-在基督里活.md,recover_raw_directory,"\\RonnieNAS\share\教会讲道, protected sermon archive, old data/raw/教会讲道",not_recovered,Sermon article source directory is not present under data/raw/教会讲道.
P2,missing_sermon_raw_directory,data/raw/教会讲道/20260315罗马书 6：15–23 在恩典之下_Patrick/文本.txt,2,data/processed/整理后的讲道文章/2026-03-15-罗马书-6-15-23｜在恩典之下.md | src/content/posts/2026-03-15-罗马书-6-15-23｜在恩典之下.md,recover_raw_directory,"\\RonnieNAS\share\教会讲道, protected sermon archive, old data/raw/教会讲道",not_recovered,Sermon article source directory is not present under data/raw/教会讲道.
P2,missing_sermon_raw_directory,data/raw/教会讲道/20260322罗马书 7：14–20_Grayson/文本.txt,2,data/processed/整理后的讲道文章/2026-03-22-罗马书-7-14-20｜经文讲解.md | src/content/posts/2026-03-22-罗马书-7-14-20｜经文讲解.md,recover_raw_directory,"\\RonnieNAS\share\教会讲道, protected sermon archive, old data/raw/教会讲道",not_recovered,Sermon article source directory is not present under data/raw/教会讲道.
P2,missing_sermon_raw_directory,data/raw/教会讲道/20260329马太福音 27：15–26伟大的交换_Patrick/文本.txt,2,data/processed/整理后的讲道文章/2026-03-29-马太福音-27-15-26｜伟大的交换.md | src/content/posts/2026-03-29-马太福音-27-15-26｜伟大的交换.md,recover_raw_directory,"\\RonnieNAS\share\教会讲道, protected sermon archive, old data/raw/教会讲道",not_recovered,Sermon article source directory is not present under data/raw/教会讲道.
P2,missing_sermon_raw_directory,data/raw/教会讲道/20260405约翰福音 11：25-26 耶稣是我们的盼望_Patrick/文本.txt,2,data/processed/整理后的讲道文章/2026-04-05-约翰福音-11-25-26｜耶稣是我们的盼望.md | src/content/posts/2026-04-05-约翰福音-11-25-26｜耶稣是我们的盼望.md,recover_raw_directory,"\\RonnieNAS\share\教会讲道, protected sermon archive, old data/raw/教会讲道",not_recovered,Sermon article source directory is not present under data/raw/教会讲道.
P2,missing_sermon_raw_directory,data/raw/教会讲道/20260412罗马书 8：1-4：12-17 被圣灵收养_Patrick/文本.txt,2,data/processed/整理后的讲道文章/2026-04-12-罗马书-8-1-4-12-17｜被圣灵收养.md | src/content/posts/2026-04-12-罗马书-8-1-4-12-17｜被圣灵收养.md,recover_raw_directory,"\\RonnieNAS\share\教会讲道, protected sermon archive, old data/raw/教会讲道",not_recovered,Sermon article source directory is not present under data/raw/教会讲道.
P2,missing_sermon_raw_directory,data/raw/教会讲道/20260419罗马书 8：18–28 在苦难中的盼望_Patrick/文本.txt,2,data/processed/整理后的讲道文章/2026-04-19-罗马书-8-18-28｜在苦难中的盼望.md | src/content/posts/2026-04-19-罗马书-8-18-28｜在苦难中的盼望.md,recover_raw_directory,"\\RonnieNAS\share\教会讲道, protected sermon archive, old data/raw/教会讲道",not_recovered,Sermon article source directory is not present under data/raw/教会讲道.
P2,missing_sermon_raw_directory,data/raw/教会讲道/20260426罗马书 8：31-39 那位不可忘记的神_Patrick/文本.txt,2,data/processed/整理后的讲道文章/2026-04-26-罗马书-8-31-39｜那位不可忘记的神.md | src/content/posts/2026-04-26-罗马书-8-31-39｜那位不可忘记的神.md,recover_raw_directory,"\\RonnieNAS\share\教会讲道, protected sermon archive, old data/raw/教会讲道",not_recovered,Sermon article source directory is not present under data/raw/教会讲道.
P2,missing_sermon_raw_directory,data/raw/教会讲道/20260503罗马书 9：14-24 陶匠与泥土_Patrick/文本.txt,2,data/processed/整理后的讲道文章/2026-05-03-罗马书-9-14-24｜陶匠与泥土.md | src/content/posts/2026-05-03-罗马书-9-14-24｜陶匠与泥土.md,recover_raw_directory,"\\RonnieNAS\share\教会讲道, protected sermon archive, old data/raw/教会讲道",not_recovered,Sermon article source directory is not present under data/raw/教会讲道.
P2,missing_sermon_raw_directory,data/raw/教会讲道/20260510罗马书9：30-10：21_Akira/文本.txt,2,data/processed/整理后的讲道文章/2026-05-10-罗马书-9-30-10-21｜经文讲解.md | src/content/posts/2026-05-10-罗马书-9-30-10-21｜经文讲解.md,recover_raw_directory,"\\RonnieNAS\share\教会讲道, protected sermon archive, old data/raw/教会讲道",not_recovered,Sermon article source directory is not present under data/raw/教会讲道.
P2,missing_sermon_raw_directory,data/raw/教会讲道/20260517罗马书 11 恩典拣选_Patrick/20260517罗马书 11 恩典拣选_Patrick.txt,2,data/processed/整理后的讲道文章/2026-05-17-罗马书-11｜恩典拣选.md | src/content/posts/2026-05-17-罗马书-11｜恩典拣选.md,recover_raw_directory,"\\RonnieNAS\share\教会讲道, protected sermon archive, old data/raw/教会讲道",not_recovered,Sermon article source directory is not present under data/raw/教会讲道.
P2,missing_sermon_raw_directory,data/raw/教会讲道/20260524罗马书 12：1-8 活出福音_Patrick/20260524罗马书 12：1-8 活出福音_Patrick.txt,2,data/processed/整理后的讲道文章/2026-05-24-罗马书-12-1-8｜活出福音.md | src/content/posts/2026-05-24-罗马书-12-1-8｜活出福音.md,recover_raw_directory,"\\RonnieNAS\share\教会讲道, protected sermon archive, old data/raw/教会讲道",not_recovered,Sermon article source directory is not present under data/raw/教会讲道.
P2,missing_sermon_raw_directory,data/raw/教会讲道/20260531罗马书 12：9-21 真诚的爱_Patrick/20260531罗马书 12：9-21 真诚的爱_Patrick.txt,2,data/processed/整理后的讲道文章/2026-05-31-罗马书-12-9-21｜真诚的爱.md | src/content/posts/2026-05-31-罗马书-12-9-21｜真诚的爱.md,recover_raw_directory,"\\RonnieNAS\share\教会讲道, protected sermon archive, old data/raw/教会讲道",not_recovered,Sermon article source directory is not present under data/raw/教会讲道.
P2,missing_sermon_raw_directory,data/raw/教会讲道/20260607罗马书 13：1-14 社会中的福音_Patrick/20260607罗马书 13：1-14 社会中的福音_Patrick.txt,2,data/processed/整理后的讲道文章/2026-06-07-罗马书-13-1-14｜社会中的福音.md | src/content/posts/2026-06-07-罗马书-13-1-14｜社会中的福音.md,recover_raw_directory,"\\RonnieNAS\share\教会讲道, protected sermon archive, old data/raw/教会讲道",not_recovered,Sermon article source directory is not present under data/raw/教会讲道.
